,Brand,Depth,Height,Model Number,Primary Color,Primary Material,Type,Weight,Width,image_urls
0,Nilkamal,37 mm,122.5 mm,FLFMMWBNBSTBSTBST,Multicolor,Plastic,Cabinet,9.87 kg,59.5 mm,"rukminim1.flixcart.com/image/128/128/cabinet-drawer/p/g/d/flfmmwbnbstbstbst-pp-nilkamal-na-original-imaehgr7jbgnqcuf.jpeg?q=70
rukminim1.flixcart.com/image/128/128/j6pctjk0/cabinet-drawer/p/g/d/pp-flfmmwbnbstbstbst-nilkamal-na-original-imaex4dmmhjh6xtt.jpeg?q=70
rukminim1.flixcart.com/image/128/128/cabinet-drawer/p/g/d/pp-flfmmwbnbstbstbst-nilkamal-na-original-imaera3yutc3b8uy.jpeg?q=70
rukminim1.flixcart.com/image/128/128/cabinet-drawer/p/g/d/flfmmwbnbstbstbst-pp-nilkamal-na-original-imaehgr7c9ssaysz.jpeg?q=70
rukminim1.flixcart.com/image/128/128/cabinet-drawer/p/g/d/flfmmwbnbstbstbst-pp-nilkamal-na-original-imaehgr7wdp3a8u3.jpeg?q=70
rukminim1.flixcart.com/image/128/128/cabinet-drawer/p/g/d/flfmmwbnbstbstbst-pp-nilkamal-na-original-imaehgr75xgaxn5v.jpeg?q=70
rukminim1.flixcart.com/image/128/128/cabinet-drawer/p/g/d/flfmmwbnbstbstbst-pp-nilkamal-na-original-imaehgr7ebqevzyz.jpeg?q=70
"
1,Nilkamal,35.4 mm,145 mm,FLMDR1CPBLBRDTYL,Multicolor,Plastic,Cabinet,13.59 kg,59.5 mm,"rukminim1.flixcart.com/image/128/128/j6pctjk0/cabinet-drawer/v/b/y/pp-flmdr1cpblbrdtyl-nilkamal-na-original-imaex4dmzcg9ydzd.jpeg?q=70
rukminim1.flixcart.com/image/128/128/cabinet-drawer/v/b/y/pp-flmdr1cpblbrdtyl-nilkamal-na-original-imaera2tstwgpz7n.jpeg?q=70
rukminim1.flixcart.com/image/128/128/cabinet-drawer/v/b/y/pp-flmdr1cpblbrdtyl-nilkamal-na-original-imaera2vazvvy7yd.jpeg?q=70
rukminim1.flixcart.com/image/128/128/cabinet-drawer/v/b/y/pp-flmdr1cpblbrdtyl-nilkamal-na-original-imaera2tnyrwquug.jpeg?q=70
rukminim1.flixcart.com/image/128/128/cabinet-drawer/v/b/y/pp-flmdr1cpblbrdtyl-nilkamal-na-original-imaera2tnzn9nxh6.jpeg?q=70
rukminim1.flixcart.com/image/128/128/cabinet-drawer/v/b/y/pp-flmdr1cpblbrdtyl-nilkamal-na-original-imaera2tvaa4wq7m.jpeg?q=70
rukminim1.flixcart.com/image/128/128/cabinet-drawer/v/b/y/pp-flmdr1cpblbrdtyl-nilkamal-na-original-imaera2tcy5ygvkh.jpeg?q=70
rukminim1.flixcart.com/image/128/128/cabinet-drawer/v/b/y/pp-flmdr1cpblbrdtyl-nilkamal-na-original-imaera2u5bq6jahq.jpeg?q=70
"
2,The Attic,40 mm,105 mm,KL-347,Multicolor,Solid Wood,Chest of Drawers,32 kg,90 mm,"rukminim1.flixcart.com/image/128/128/j84so7k0/cabinet-drawer/h/a/z/mango-wood-kl-347-the-attic-dark-walnut-original-imaey85jhuz4zqvy.jpeg?q=70
rukminim1.flixcart.com/image/128/128/j84so7k0/cabinet-drawer/h/a/z/mango-wood-kl-347-the-attic-dark-walnut-original-imaey85j5vfpwvyu.jpeg?q=70
rukminim1.flixcart.com/image/128/128/j84so7k0/cabinet-drawer/h/a/z/mango-wood-kl-347-the-attic-dark-walnut-original-imaey85jb6pvkrh4.jpeg?q=70
rukminim1.flixcart.com/image/128/128/j84so7k0/cabinet-drawer/h/a/z/mango-wood-kl-347-the-attic-dark-walnut-original-imaey85hytgfdzjg.jpeg?q=70
rukminim1.flixcart.com/image/128/128/j84so7k0/cabinet-drawer/h/a/z/mango-wood-kl-347-the-attic-dark-walnut-original-imaey85kkffzu9y4.jpeg?q=70
rukminim1.flixcart.com/image/128/128/j84so7k0/cabinet-drawer/h/a/z/mango-wood-kl-347-the-attic-dark-walnut-original-imaey85h5kqsthe7.jpeg?q=70
rukminim1.flixcart.com/image/128/128/j84so7k0/cabinet-drawer/h/a/z/mango-wood-kl-347-the-attic-dark-walnut-original-imaey85jcfauna4m.jpeg?q=70
"
3,Nilkamal,53 mm,180 mm,FIPWFRDOMPBOM003,Blue,Plastic,Cabinet,20 kg,71 mm,"rukminim1.flixcart.com/image/128/128/cabinet-drawer/j/x/f/fipwfrdompbom003-pp-nilkamal-blue-original-imaebzns4xebgvuk.jpeg?q=70
rukminim1.flixcart.com/image/128/128/cabinet-drawer/j/x/f/fipwfrdompbom003-pp-nilkamal-blue-original-imaebznsxywvyevt.jpeg?q=70
rukminim1.flixcart.com/image/128/128/cabinet-drawer/j/x/f/fipwfrdompbom003-pp-nilkamal-blue-original-imaebznsnwyzbp4z.jpeg?q=70
rukminim1.flixcart.com/image/128/128/cabinet-drawer/j/x/f/fipwfrdompbom003-pp-nilkamal-blue-original-imaebznsgrr7wkyh.jpeg?q=70
"
4,Nilkamal,35 mm,181.5 mm,FLSCFREDMCBBGBGRY,Grey,Plastic,Chest of Drawers,15 kg,59 mm,"rukminim1.flixcart.com/image/128/128/cabinet-drawer/a/z/t/flscfredmcbbgbgry-pp-nilkamal-dark-blue-grey-original-imaearznf2w2kgfp.jpeg?q=70
rukminim1.flixcart.com/image/128/128/cabinet-drawer/a/z/t/flscfredmcbbgbgry-pp-nilkamal-dark-blue-grey-original-imaearznmmzr6j7n.jpeg?q=70
rukminim1.flixcart.com/image/128/128/cabinet-drawer/a/z/t/flscfredmcbbgbgry-pp-nilkamal-dark-blue-grey-original-imaearznfbrnjdns.jpeg?q=70
rukminim1.flixcart.com/image/128/128/cabinet-drawer/a/z/t/flscfredmcbbgbgry-pp-nilkamal-dark-blue-grey-original-imaearznpgkdhyqr.jpeg?q=70
rukminim1.flixcart.com/image/128/128/cabinet-drawer/a/z/t/flscfredmcbbgbgry-pp-nilkamal-dark-blue-grey-original-imaearznqtg23z5n.jpeg?q=70
"
5,Spacewood,470 mm,1918 mm,KOSMO Apex 3 Door Dresser Wardrobe in walnut Rigato,Brown,Engineered Wood,Wardrobe,122 kg,1236 mm,"rukminim1.flixcart.com/image/128/128/j752nww0/wardrobe-closet/u/j/g/particle-board-kosmo-apex-3-door-dresser-wardrobe-in-walnut-original-imaexe2fzfsurgrr.jpeg?q=70
rukminim1.flixcart.com/image/128/128/j752nww0/wardrobe-closet/u/j/g/particle-board-kosmo-apex-3-door-dresser-wardrobe-in-walnut-original-imaexe2dhf4rrbfm.jpeg?q=70
rukminim1.flixcart.com/image/128/128/j752nww0/wardrobe-closet/u/j/g/particle-board-kosmo-apex-3-door-dresser-wardrobe-in-walnut-original-imaexe2eccugt9qn.jpeg?q=70
rukminim1.flixcart.com/image/128/128/j752nww0/wardrobe-closet/u/j/g/particle-board-kosmo-apex-3-door-dresser-wardrobe-in-walnut-original-imaexe2eryvp8zcb.jpeg?q=70
rukminim1.flixcart.com/image/128/128/j752nww0/wardrobe-closet/u/j/g/particle-board-kosmo-apex-3-door-dresser-wardrobe-in-walnut-original-imaexe2fykvvfmgy.jpeg?q=70
rukminim1.flixcart.com/image/128/128/j752nww0/wardrobe-closet/u/j/g/particle-board-kosmo-apex-3-door-dresser-wardrobe-in-walnut-original-imaexe2g5ezqzuwb.jpeg?q=70
rukminim1.flixcart.com/image/128/128/j752nww0/wardrobe-closet/u/j/g/particle-board-kosmo-apex-3-door-dresser-wardrobe-in-walnut-original-imaexe2hwmxhjxvr.jpeg?q=70
rukminim1.flixcart.com/image/128/128/j752nww0/wardrobe-closet/u/j/g/particle-board-kosmo-apex-3-door-dresser-wardrobe-in-walnut-original-imaexe2hhjmcbhuh.jpeg?q=70
"
6,Nilkamal,35 mm,143.5 mm,FLFMDR1BDBLGRYDBL,Multicolor,Plastic,Cabinet,15 kg,59 mm,"rukminim1.flixcart.com/image/128/128/cabinet-drawer/m/4/a/flfmdr1bdblgrydbl-pp-nilkamal-na-original-imaehgr7mqcy2ac4.jpeg?q=70
rukminim1.flixcart.com/image/128/128/cabinet-drawer/m/4/a/flfmdr1bdblgrydbl-pp-nilkamal-na-original-imaehgr7pugxaxak.jpeg?q=70
rukminim1.flixcart.com/image/128/128/cabinet-drawer/m/4/a/flfmdr1bdblgrydbl-pp-nilkamal-na-original-imaehgr7aks98esy.jpeg?q=70
rukminim1.flixcart.com/image/128/128/cabinet-drawer/m/4/a/flfmdr1bdblgrydbl-pp-nilkamal-na-original-imaehgr7sgquj4xy.jpeg?q=70
rukminim1.flixcart.com/image/128/128/cabinet-drawer/m/4/a/flfmdr1bdblgrydbl-pp-nilkamal-na-original-imaehgr7uzkznhgf.jpeg?q=70
rukminim1.flixcart.com/image/128/128/cabinet-drawer/m/4/a/flfmdr1bdblgrydbl-pp-nilkamal-na-original-imaehgr7vmvcxwpj.jpeg?q=70
"
7,Nilkamal,53 mm,95.5 mm,FIPWFRDOMPSOM003,Red,Plastic,Cabinet,10 kg,71 mm,"rukminim1.flixcart.com/image/128/128/cabinet-drawer/d/h/z/fipwfrdompsom003-pp-nilkamal-red-original-imaebznsxjaxsyc8.jpeg?q=70
rukminim1.flixcart.com/image/128/128/cabinet-drawer/d/h/z/fipwfrdompsom003-pp-nilkamal-red-original-imaebznsug6vhtbh.jpeg?q=70
rukminim1.flixcart.com/image/128/128/cabinet-drawer/d/h/z/fipwfrdompsom003-pp-nilkamal-red-original-imaebznsfatzafmt.jpeg?q=70
rukminim1.flixcart.com/image/128/128/cabinet-drawer/d/h/z/fipwfrdompsom003-pp-nilkamal-red-original-imaebznsyynrjaxq.jpeg?q=70
rukminim1.flixcart.com/image/128/128/cabinet-drawer/d/h/z/fipwfrdompsom003-pp-nilkamal-red-original-imaebznsbzhhfqnd.jpeg?q=70
"
8,Nilkamal,53 mm,180 mm,FIPWFRDOMPBOM001,Grey,Plastic,Chest of Drawers,23.87 kg,71 mm,"rukminim1.flixcart.com/image/128/128/cabinet-drawer/j/s/v/fipwfrdompbom001-pp-nilkamal-dare-blue-grey-original-imaearzna95vzyzd.jpeg?q=70
rukminim1.flixcart.com/image/128/128/j76i3rk0/cabinet-drawer/j/s/v/pp-fipwfrdompbom001-nilkamal-dare-blue-grey-original-imaexhpf22yzzbkh.jpeg?q=70
rukminim1.flixcart.com/image/128/128/cabinet-drawer/j/s/v/fipwfrdompbom001-pp-nilkamal-dare-blue-grey-original-imaearzzdarfpyue.jpeg?q=70
rukminim1.flixcart.com/image/128/128/cabinet-drawer/j/s/v/fipwfrdompbom001-pp-nilkamal-dare-blue-grey-original-imaearzzag8uxew5.jpeg?q=70
rukminim1.flixcart.com/image/128/128/cabinet-drawer/j/s/v/fipwfrdompbom001-pp-nilkamal-dare-blue-grey-original-imaearzzwnz8hxct.jpeg?q=70
rukminim1.flixcart.com/image/128/128/cabinet-drawer/j/s/v/fipwfrdompbom001-pp-nilkamal-dare-blue-grey-original-imaearznuhkswbks.jpeg?q=70
"
9,The Attic,40 mm,75 mm,KL-348,Brown,Solid Wood,Chest of Drawers,27 kg,105 mm,"rukminim1.flixcart.com/image/128/128/cabinet-drawer/g/f/2/kl-348-mango-wood-the-attic-dark-walnut-original-imae9xevhjnug57z.jpeg?q=70
rukminim1.flixcart.com/image/128/128/cabinet-drawer/g/f/2/kl-348-mango-wood-the-attic-dark-walnut-original-imae9xevc98gzczp.jpeg?q=70
rukminim1.flixcart.com/image/128/128/cabinet-drawer/g/f/2/kl-348-mango-wood-the-attic-dark-walnut-original-imae9xevfcv8c6wf.jpeg?q=70
rukminim1.flixcart.com/image/128/128/cabinet-drawer/g/f/2/kl-348-mango-wood-the-attic-dark-walnut-original-imae9xevtchz8zhs.jpeg?q=70
rukminim1.flixcart.com/image/128/128/cabinet-drawer/g/f/2/kl-348-mango-wood-the-attic-dark-walnut-original-imae9xevg5at42xs.jpeg?q=70
"
10,The Attic,40 mm,78 mm,KL-465,Brown,Solid Wood,Chest of Drawers,25 kg,60 mm,"rukminim1.flixcart.com/image/128/128/j52rrm80/cabinet-drawer/r/x/p/rosewood-sheesham-kl-465-the-attic-honey-original-imaevr87jvwdutva.jpeg?q=70
rukminim1.flixcart.com/image/128/128/j52rrm80/cabinet-drawer/r/x/p/rosewood-sheesham-kl-465-the-attic-honey-original-imaevr87zhyctmwh.jpeg?q=70
rukminim1.flixcart.com/image/128/128/j52rrm80/cabinet-drawer/r/x/p/rosewood-sheesham-kl-465-the-attic-honey-original-imaevr87y3jr7dcu.jpeg?q=70
rukminim1.flixcart.com/image/128/128/j52rrm80/cabinet-drawer/r/x/p/rosewood-sheesham-kl-465-the-attic-honey-original-imaevr87edvaskfu.jpeg?q=70
rukminim1.flixcart.com/image/128/128/j52rrm80/cabinet-drawer/r/x/p/rosewood-sheesham-kl-465-the-attic-honey-original-imaevr87h5hfxsbb.jpeg?q=70
rukminim1.flixcart.com/image/128/128/j52rrm80/cabinet-drawer/r/x/p/rosewood-sheesham-kl-465-the-attic-honey-original-imaevuayrjg6mwft.jpeg?q=70
"
11,RoyalOak,54 cm,200 cm,WR8502BL-2,Black,Engineered Wood,Wardrobe,60 kg,80 cm,"rukminim1.flixcart.com/image/128/128/j6wi0sw0/wardrobe-closet/m/f/u/mdf-jupiter-royaloak-dark-original-imaex9qt5uewmkca.jpeg?q=70
rukminim1.flixcart.com/image/128/128/j6wi0sw0/wardrobe-closet/m/f/u/mdf-jupiter-royaloak-dark-original-imaex9qtahvb8qgy.jpeg?q=70
rukminim1.flixcart.com/image/128/128/j6wi0sw0/wardrobe-closet/m/f/u/mdf-jupiter-royaloak-dark-original-imaex9qtzydy9mce.jpeg?q=70
rukminim1.flixcart.com/image/128/128/j6wi0sw0/wardrobe-closet/m/f/u/mdf-jupiter-royaloak-dark-original-imaex9qt6bteh7zs.jpeg?q=70
rukminim1.flixcart.com/image/128/128/j6wi0sw0/wardrobe-closet/m/f/u/mdf-jupiter-royaloak-dark-original-imaex9qt3ea9utkg.jpeg?q=70
rukminim1.flixcart.com/image/128/128/j7jd2fk0/wardrobe-closet/m/f/u/mdf-wr8502bl-2-royaloak-black-original-imaexr6qz4qba2hm.jpeg?q=70
"
12,The Attic,45 mm,85 mm,KL-316C,Brown,Solid Wood,Sideboard,37 kg,115 mm,"rukminim1.flixcart.com/image/128/128/cabinet-drawer/k/h/u/kl-316c-rosewood-sheesham-the-attic-espresso-original-imae9xevzkcskdhw.jpeg?q=70
rukminim1.flixcart.com/image/128/128/cabinet-drawer/k/h/u/kl-316c-rosewood-sheesham-the-attic-espresso-original-imae9xevh8f8kyta.jpeg?q=70
rukminim1.flixcart.com/image/128/128/cabinet-drawer/k/h/u/kl-316c-rosewood-sheesham-the-attic-espresso-original-imae9xevbbt7jz7w.jpeg?q=70
rukminim1.flixcart.com/image/128/128/cabinet-drawer/k/h/u/kl-316c-rosewood-sheesham-the-attic-espresso-original-imae9xev4yk7aqzc.jpeg?q=70
rukminim1.flixcart.com/image/128/128/cabinet-drawer/k/h/u/kl-316c-rosewood-sheesham-the-attic-espresso-original-imae9xevfyhzgkgr.jpeg?q=70
"
13,The Attic,38 mm,115 mm,KL-473,Brown,Solid Wood,Chest of Drawers,35 kg,57 mm,"rukminim1.flixcart.com/image/128/128/j5r293k0/cabinet-drawer/4/b/h/rosewood-sheesham-kl-473-the-attic-honey-original-imaewd5cnfwvhdvq.jpeg?q=70
rukminim1.flixcart.com/image/128/128/j5r293k0/cabinet-drawer/4/b/h/rosewood-sheesham-kl-473-the-attic-honey-original-imaewd5czbytun5w.jpeg?q=70
rukminim1.flixcart.com/image/128/128/j5r293k0/cabinet-drawer/4/b/h/rosewood-sheesham-kl-473-the-attic-honey-original-imaewd5cbvtvqdhm.jpeg?q=70
rukminim1.flixcart.com/image/128/128/j5r293k0/cabinet-drawer/4/b/h/rosewood-sheesham-kl-473-the-attic-honey-original-imaewd5chxhmnzey.jpeg?q=70
rukminim1.flixcart.com/image/128/128/j5r293k0/cabinet-drawer/4/b/h/rosewood-sheesham-kl-473-the-attic-honey-original-imaewd5cax25zkyg.jpeg?q=70
rukminim1.flixcart.com/image/128/128/j5r293k0/cabinet-drawer/4/b/h/rosewood-sheesham-kl-473-the-attic-honey-original-imaewd5cegyuwzhp.jpeg?q=70
"
14,The Attic,37 mm,90 mm,KL-54,Multicolor,Solid Wood,Sideboard,23 kg,80 mm,"rukminim1.flixcart.com/image/128/128/cabinet-drawer/v/y/g/kl-54-mango-wood-the-attic-walnut-brown-original-imae9xevatgfd6vq.jpeg?q=70
rukminim1.flixcart.com/image/128/128/cabinet-drawer/v/y/g/kl-54-mango-wood-the-attic-walnut-brown-original-imae9xevtvepp4nn.jpeg?q=70
rukminim1.flixcart.com/image/128/128/cabinet-drawer/v/y/g/kl-54-mango-wood-the-attic-walnut-brown-original-imae9xevgg8khgzp.jpeg?q=70
rukminim1.flixcart.com/image/128/128/cabinet-drawer/v/y/g/kl-54-mango-wood-the-attic-walnut-brown-original-imae9xev7pb4kxp5.jpeg?q=70
rukminim1.flixcart.com/image/128/128/cabinet-drawer/v/y/g/kl-54-mango-wood-the-attic-walnut-brown-original-imae9xevh6asbyn3.jpeg?q=70
"
15,The Attic,40 mm,78 mm,KL-443,Brown,Solid Wood,Chest of Drawers,20 kg,40 mm,"rukminim1.flixcart.com/image/128/128/j4zwvww0/cabinet-drawer/g/u/a/rosewood-sheesham-kl-443-the-attic-honey-original-imaevr87x2vp6qww.jpeg?q=70
rukminim1.flixcart.com/image/128/128/j4zwvww0/cabinet-drawer/g/u/a/rosewood-sheesham-kl-443-the-attic-honey-original-imaevs8zuvkahnby.jpeg?q=70
rukminim1.flixcart.com/image/128/128/j5r293k0/bed/w/6/b/single-na-rosewood-sheesham-kl-1730-the-attic-honey-original-imaevr5tctxgfqrk.jpeg?q=70
rukminim1.flixcart.com/image/128/128/j4zwvww0/cabinet-drawer/g/u/a/rosewood-sheesham-kl-443-the-attic-honey-original-imaevr87ekhjenzw.jpeg?q=70
rukminim1.flixcart.com/image/128/128/j52rrm80/cabinet-drawer/r/x/p/rosewood-sheesham-kl-465-the-attic-honey-original-imaevr87h5hfxsbb.jpeg?q=70
rukminim1.flixcart.com/image/128/128/j4zwvww0/cabinet-drawer/g/u/a/rosewood-sheesham-kl-443-the-attic-honey-original-imaevr87emqxyjxq.jpeg?q=70
"
16,Cello Furniture,37 mm,122.5 mm,Novelty Big,Brown,Plastic,Chest of Drawers,10 kg,59.3 mm,"rukminim1.flixcart.com/image/128/128/cabinet-drawer/u/g/q/novelty-big-pp-cello-furniture-pearl-brown-original-imaefjwarrbgnzxh.jpeg?q=70
rukminim1.flixcart.com/image/128/128/cabinet-drawer/u/g/q/novelty-big-pp-cello-furniture-pearl-brown-original-imaeny384b5uvdee.jpeg?q=70
rukminim1.flixcart.com/image/128/128/cabinet-drawer/u/g/q/novelty-big-pp-cello-furniture-pearl-brown-original-imaeny387fvgygd3.jpeg?q=70
rukminim1.flixcart.com/image/128/128/cabinet-drawer/u/g/q/novelty-big-pp-cello-furniture-pearl-brown-original-imaefjwaeckcjjcc.jpeg?q=70
"
17,Spacewood,525 mm,2030 mm,KOSMO Apex 4 Door Wardrobe with Mirror,White,Engineered Wood,Wardrobe,169 Kg,1600 mm,"rukminim1.flixcart.com/image/128/128/j7qi9ow0/wardrobe-closet/v/h/2/particle-board-kosmo-apex-4-door-wardrobe-with-mirror-spacewood-original-imaexx582nygqxed.jpeg?q=70
rukminim1.flixcart.com/image/128/128/j7qi9ow0/wardrobe-closet/v/h/2/particle-board-kosmo-apex-4-door-wardrobe-with-mirror-spacewood-original-imaexx58mqdsb5a8.jpeg?q=70
rukminim1.flixcart.com/image/128/128/j7qi9ow0/wardrobe-closet/v/h/2/particle-board-kosmo-apex-4-door-wardrobe-with-mirror-spacewood-original-imaexanzgggx3ryd.jpeg?q=70
rukminim1.flixcart.com/image/128/128/j7qi9ow0/wardrobe-closet/v/h/2/particle-board-kosmo-apex-4-door-wardrobe-with-mirror-spacewood-original-imaexx58ddgtbxyk.jpeg?q=70
rukminim1.flixcart.com/image/128/128/j7qi9ow0/wardrobe-closet/v/h/2/particle-board-kosmo-apex-4-door-wardrobe-with-mirror-spacewood-original-imaexanman6gvfz8.jpeg?q=70
rukminim1.flixcart.com/image/128/128/j7qi9ow0/wardrobe-closet/v/h/2/particle-board-kosmo-apex-4-door-wardrobe-with-mirror-spacewood-original-imaewv8cn6ghazeh.jpeg?q=70
rukminim1.flixcart.com/image/128/128/j7qi9ow0/wardrobe-closet/v/h/2/particle-board-kosmo-apex-4-door-wardrobe-with-mirror-spacewood-original-imaexx58pxqrvure.jpeg?q=70
rukminim1.flixcart.com/image/128/128/j7qi9ow0/wardrobe-closet/v/h/2/particle-board-kosmo-apex-4-door-wardrobe-with-mirror-spacewood-original-imaexanpuxtmyprm.jpeg?q=70
"
18,Cello Furniture,37 mm,122.5 mm,Novelty Big,Blue,Plastic,Chest of Drawers,10 kg,59.3 mm,"rukminim1.flixcart.com/image/128/128/cabinet-drawer/a/y/m/novelty-big-pp-cello-furniture-grey-blue-original-imaefjwa3yqupthh.jpeg?q=70
rukminim1.flixcart.com/image/128/128/cabinet-drawer/a/y/m/novelty-big-pp-cello-furniture-grey-blue-original-imaeny38pp3ynpua.jpeg?q=70
rukminim1.flixcart.com/image/128/128/cabinet-drawer/a/y/m/novelty-big-pp-cello-furniture-grey-blue-original-imaeny38yeztnmzf.jpeg?q=70
rukminim1.flixcart.com/image/128/128/cabinet-drawer/a/y/m/novelty-big-pp-cello-furniture-grey-blue-original-imaefjwayhx5qpeu.jpeg?q=70
"
19,Cello Furniture,38.1 mm,63.5 mm,Novelty compact,Red,Plastic,Chest of Drawers,6 kg,60.9 mm,"rukminim1.flixcart.com/image/128/128/cabinet-drawer/x/z/x/novelty-compact-pp-cello-furniture-red-blue-original-imaefjwahnjh2fut.jpeg?q=70
rukminim1.flixcart.com/image/128/128/cabinet-drawer/x/z/x/novelty-compact-pp-cello-furniture-red-blue-original-imaefuzbzzabwbjz.jpeg?q=70
rukminim1.flixcart.com/image/128/128/cabinet-drawer/x/z/x/novelty-compact-pp-cello-furniture-red-blue-original-imaefjwaq7qmhqrf.jpeg?q=70
"
20,Cello Furniture,37 mm,122.5 mm,Novelty Big,Blue,Plastic,Chest of Drawers,10 kg,59.3 mm,"rukminim1.flixcart.com/image/128/128/cabinet-drawer/d/6/m/novelty-big-pp-cello-furniture-red-blue-original-imaefjwazffpvzcf.jpeg?q=70
rukminim1.flixcart.com/image/128/128/cabinet-drawer/d/6/m/novelty-big-pp-cello-furniture-red-blue-original-imaeny38xzqw7y26.jpeg?q=70
rukminim1.flixcart.com/image/128/128/cabinet-drawer/d/6/m/novelty-big-pp-cello-furniture-red-blue-original-imaefjwa4gwuek2r.jpeg?q=70
"
21,Cello Furniture,38.1 mm,180.3 mm,Novelty large,Brown,Plastic,Chest of Drawers,14 kg,58.4 mm,"rukminim1.flixcart.com/image/128/128/cabinet-drawer/t/x/n/novelty-large-pp-cello-furniture-pearl-brown-original-imaefuzbqcahdrkf.jpeg?q=70
rukminim1.flixcart.com/image/128/128/cabinet-drawer/t/x/n/novelty-large-pp-cello-furniture-pearl-brown-original-imaefjwaynmjfzhv.jpeg?q=70
rukminim1.flixcart.com/image/128/128/cabinet-drawer/t/x/n/novelty-large-pp-cello-furniture-pearl-brown-original-imaefjwapbps9vxd.jpeg?q=70
rukminim1.flixcart.com/image/128/128/cabinet-drawer/t/x/n/novelty-large-pp-cello-furniture-pearl-brown-original-imaefjwaufcbyye8.jpeg?q=70
"
22,Cello Furniture,37 mm,181.5 mm,Novelty large,Blue,Plastic,Chest of Drawers,14 kg,59.3 mm,"rukminim1.flixcart.com/image/128/128/cabinet-drawer/r/9/p/novelty-large-pp-cello-furniture-red-blue-original-imaefjwaczj4sehf.jpeg?q=70
rukminim1.flixcart.com/image/128/128/cabinet-drawer/r/9/p/novelty-large-pp-cello-furniture-red-blue-original-imaeny38dvdfknuc.jpeg?q=70
rukminim1.flixcart.com/image/128/128/cabinet-drawer/r/9/p/novelty-large-pp-cello-furniture-red-blue-original-imaeny38paeymrur.jpeg?q=70
rukminim1.flixcart.com/image/128/128/cabinet-drawer/r/9/p/novelty-large-pp-cello-furniture-red-blue-original-imaefjwavwrmqfq7.jpeg?q=70
rukminim1.flixcart.com/image/128/128/cabinet-drawer/r/9/p/novelty-large-pp-cello-furniture-red-blue-original-imaefjwa3uzbjtgd.jpeg?q=70
"
23,Alex Daisy,55 mm,130 mm,W23E2--W23EM06-G1--D1W23EC3-O,Green,Engineered Wood,Cabinet,81 kg,60 mm,"rukminim1.flixcart.com/image/128/128/cabinet-drawer/h/y/r/w23e2-w23em06-g1-d1w23ec3-o-mdf-alex-daisy-green-oak-white-original-imaegvdnjhs6egym.jpeg?q=70
rukminim1.flixcart.com/image/128/128/cabinet-drawer/h/y/r/w23e2-w23em06-g1-d1w23ec3-o-mdf-alex-daisy-green-oak-white-original-imaegvdn6d7heznq.jpeg?q=70
rukminim1.flixcart.com/image/128/128/cabinet-drawer/h/y/r/w23e2-w23em06-g1-d1w23ec3-o-mdf-alex-daisy-green-oak-white-original-imaegvdnczcpruvw.jpeg?q=70
rukminim1.flixcart.com/image/128/128/cabinet-drawer/h/y/r/w23e2-w23em06-g1-d1w23ec3-o-mdf-alex-daisy-green-oak-white-original-imaegvdnpz79htsy.jpeg?q=70
"
24,Cello Furniture,38.1 mm,63.5 mm,Novelty compact,Brown,Plastic,Chest of Drawers,6 kg,60.9 mm,"rukminim1.flixcart.com/image/128/128/cabinet-drawer/g/h/z/novelty-compact-pp-cello-furniture-pearl-brown-original-imaefuzbdgzrbewp.jpeg?q=70
rukminim1.flixcart.com/image/128/128/cabinet-drawer/g/h/z/novelty-compact-pp-cello-furniture-pearl-brown-original-imaefecggrahp43t.jpeg?q=70
rukminim1.flixcart.com/image/128/128/cabinet-drawer/g/h/z/novelty-compact-pp-cello-furniture-pearl-brown-original-imaefechbd5tr8bn.jpeg?q=70
"
25,Cello Furniture,38.1 mm,63.5 mm,Novelty compact,Brown,Plastic,Chest of Drawers,6 kg,60.9 mm,"rukminim1.flixcart.com/image/128/128/cabinet-drawer/s/p/p/novelty-compact-pp-cello-furniture-wood-original-imaefuzbzgtvdpgj.jpeg?q=70
rukminim1.flixcart.com/image/128/128/cabinet-drawer/s/p/p/novelty-compact-pp-cello-furniture-wood-original-imaefjwadhfbb3j3.jpeg?q=70
rukminim1.flixcart.com/image/128/128/cabinet-drawer/s/p/p/novelty-compact-pp-cello-furniture-wood-original-imaefjwaahezyhcd.jpeg?q=70
"
26,Alex Daisy,40 mm,75 mm,S99D-PK2,Pink,Engineered Wood,Chest of Drawers,56 kg,60 mm,"rukminim1.flixcart.com/image/128/128/cabinet-drawer/z/d/p/s99d-pk2-mdf-alex-daisy-white-pink-original-imaegvdh9zwrgrfc.jpeg?q=70
rukminim1.flixcart.com/image/128/128/cabinet-drawer/z/d/p/s99d-pk2-mdf-alex-daisy-white-pink-original-imaegvdhfvqxmrbt.jpeg?q=70
rukminim1.flixcart.com/image/128/128/cabinet-drawer/z/d/p/s99d-pk2-mdf-alex-daisy-white-pink-original-imaegvdhrjzhzrpf.jpeg?q=70
rukminim1.flixcart.com/image/128/128/cabinet-drawer/z/d/p/s99d-pk2-mdf-alex-daisy-white-pink-original-imaegvdh3akphpha.jpeg?q=70
rukminim1.flixcart.com/image/128/128/cabinet-drawer/z/d/p/s99d-pk2-mdf-alex-daisy-white-pink-original-imaegvdhmvy3syds.jpeg?q=70
rukminim1.flixcart.com/image/128/128/cabinet-drawer/z/d/p/s99d-pk2-mdf-alex-daisy-white-pink-original-imaegvdhf4bnzmyb.jpeg?q=70
"
27,Cello Furniture,38.1 mm,63.5 mm,Novelty compact,Grey,Plastic,Chest of Drawers,6 kg,60.9 mm,"rukminim1.flixcart.com/image/128/128/cabinet-drawer/3/h/e/novelty-compact-pp-cello-furniture-grey-blue-original-imaefjwaajsdrxg3.jpeg?q=70
rukminim1.flixcart.com/image/128/128/cabinet-drawer/3/h/e/novelty-compact-pp-cello-furniture-grey-blue-original-imaefuzbnknzqt3z.jpeg?q=70
rukminim1.flixcart.com/image/128/128/cabinet-drawer/3/h/e/novelty-compact-pp-cello-furniture-grey-blue-original-imaefjwaxfbuqkz5.jpeg?q=70
"
28,Spacewood,525 mm,2030 mm,KOSMO Apex 4 Door Wardrobe in Frosty,White,Engineered Wood,Wardrobe,166 Kg,1600 mm,"rukminim1.flixcart.com/image/128/128/j6zcwi80/wardrobe-closet/2/m/g/particle-board-kosmo-apex-4-door-wardrobe-in-frosty-spacewood-original-imaexanareq2g8ax.jpeg?q=70
rukminim1.flixcart.com/image/128/128/j6zcwi80/wardrobe-closet/2/m/g/particle-board-kosmo-apex-4-door-wardrobe-in-frosty-spacewood-original-imaewv8bkksq6beq.jpeg?q=70
rukminim1.flixcart.com/image/128/128/j6zcwi80/wardrobe-closet/2/m/g/particle-board-kosmo-apex-4-door-wardrobe-in-frosty-spacewood-original-imaewv8bhuvvzjhz.jpeg?q=70
rukminim1.flixcart.com/image/128/128/j7qi9ow0/wardrobe-closet/v/h/2/particle-board-kosmo-apex-4-door-wardrobe-with-mirror-spacewood-original-imaexanman6gvfz8.jpeg?q=70
rukminim1.flixcart.com/image/128/128/j7qi9ow0/wardrobe-closet/v/h/2/particle-board-kosmo-apex-4-door-wardrobe-with-mirror-spacewood-original-imaewv8cn6ghazeh.jpeg?q=70
rukminim1.flixcart.com/image/128/128/j6zcwi80/wardrobe-closet/2/m/g/particle-board-kosmo-apex-4-door-wardrobe-in-frosty-spacewood-original-imaewv8chycf5kam.jpeg?q=70
rukminim1.flixcart.com/image/128/128/j7qi9ow0/wardrobe-closet/v/h/2/particle-board-kosmo-apex-4-door-wardrobe-with-mirror-spacewood-original-imaexanzgggx3ryd.jpeg?q=70
rukminim1.flixcart.com/image/128/128/j7qi9ow0/wardrobe-closet/v/h/2/particle-board-kosmo-apex-4-door-wardrobe-with-mirror-spacewood-original-imaexanpuxtmyprm.jpeg?q=70
"
29,Artlivo,28 mm,47 mm,TA009,Multicolor,Solid Wood,Chest of Drawers,7 kg,28 mm,"rukminim1.flixcart.com/image/128/128/cabinet-drawer/c/5/h/mango-wood-ta009-artlivo-multi-original-imaergq3wfwjjccc.jpeg?q=70
rukminim1.flixcart.com/image/128/128/cabinet-drawer/c/5/h/mango-wood-ta009-artlivo-multi-original-imaergq4s48gfg94.jpeg?q=70
rukminim1.flixcart.com/image/128/128/cabinet-drawer/c/5/h/mango-wood-ta009-artlivo-multi-original-imaergq4frphdezd.jpeg?q=70
rukminim1.flixcart.com/image/128/128/cabinet-drawer/c/5/h/mango-wood-ta009-artlivo-multi-original-imaergq84f8yfjy3.jpeg?q=70
rukminim1.flixcart.com/image/128/128/cabinet-drawer/c/5/h/mango-wood-ta009-artlivo-multi-original-imaergq8uasrgsrj.jpeg?q=70
rukminim1.flixcart.com/image/128/128/cabinet-drawer/c/5/h/mango-wood-ta009-artlivo-multi-original-imaergq9huwrhm5y.jpeg?q=70
rukminim1.flixcart.com/image/128/128/cabinet-drawer/c/5/h/mango-wood-ta009-artlivo-multi-original-imaergq9jbwhbgcu.jpeg?q=70
"
30,ShopyBucket,340 mm,820 mm,4 Tier Stroage Box b,Green,Plastic,Chest of Drawers,4 kg,355 mm,"rukminim1.flixcart.com/image/128/128/j66s3gw0/cabinet-drawer/a/y/h/pvc-4-tier-stroage-box-b-shopybucket-green-original-imaewfr2qpgtvsra.jpeg?q=70
rukminim1.flixcart.com/image/128/128/j66s3gw0/cabinet-drawer/a/y/h/pvc-4-tier-stroage-box-b-shopybucket-green-original-imaewfr2yewmygd2.jpeg?q=70
rukminim1.flixcart.com/image/128/128/j66s3gw0/cabinet-drawer/a/y/h/pvc-4-tier-stroage-box-b-shopybucket-green-original-imaewfr2qncexkdz.jpeg?q=70
rukminim1.flixcart.com/image/128/128/j66s3gw0/cabinet-drawer/a/y/h/pvc-4-tier-stroage-box-b-shopybucket-green-original-imaewfr2aqmgkphz.jpeg?q=70
rukminim1.flixcart.com/image/128/128/j66s3gw0/cabinet-drawer/a/y/h/pvc-4-tier-stroage-box-b-shopybucket-green-original-imaewfr2jzjzwssv.jpeg?q=70
"
31,Urban Ladder,59.9 mm,119.9 mm,Bergen,Brown,Engineered Wood,Chest of Drawers,21 kg,39.6 mm,"rukminim1.flixcart.com/image/128/128/cabinet-drawer/q/v/w/bergen-mdf-urban-ladder-dark-walnut-original-imaez693dxqjcsnh.jpeg?q=70
rukminim1.flixcart.com/image/128/128/cabinet-drawer/q/v/w/bergen-mdf-urban-ladder-dark-walnut-original-imaez6932yjnejgh.jpeg?q=70
rukminim1.flixcart.com/image/128/128/cabinet-drawer/q/v/w/bergen-mdf-urban-ladder-dark-walnut-original-imaez693jffh5grq.jpeg?q=70
rukminim1.flixcart.com/image/128/128/cabinet-drawer/q/v/w/bergen-mdf-urban-ladder-dark-walnut-original-imaez693n3vj8aag.jpeg?q=70
rukminim1.flixcart.com/image/128/128/cabinet-drawer/q/v/w/bergen-mdf-urban-ladder-dark-walnut-original-imaez693ahqy2nqt.jpeg?q=70
rukminim1.flixcart.com/image/128/128/cabinet-drawer/q/v/w/bergen-mdf-urban-ladder-dark-walnut-original-imaez693qcqy84ef.jpeg?q=70
"
32,Urban Ladder,119.9 mm,85.6 mm,Bocado,Brown,Engineered Wood,Sideboard,28.61 kg,39.1 mm,"rukminim1.flixcart.com/image/128/128/j6fcqkw0/cabinet-drawer/d/8/6/mdf-bocado-urban-ladder-dark-walnut-original-imaewwmqmephmm5h.jpeg?q=70
rukminim1.flixcart.com/image/128/128/cabinet-drawer/d/8/6/mdf-bocado-urban-ladder-dark-walnut-original-imaeq83e73ubqjf5.jpeg?q=70
rukminim1.flixcart.com/image/128/128/cabinet-drawer/d/8/6/mdf-bocado-urban-ladder-dark-walnut-original-imaeq83e6yzcaapm.jpeg?q=70
rukminim1.flixcart.com/image/128/128/cabinet-drawer/d/8/6/mdf-bocado-urban-ladder-dark-walnut-original-imaeq83emyyt8m4u.jpeg?q=70
rukminim1.flixcart.com/image/128/128/cabinet-drawer/d/8/6/mdf-bocado-urban-ladder-dark-walnut-original-imaeq83egwnqd4rt.jpeg?q=70
rukminim1.flixcart.com/image/128/128/cabinet-drawer/d/8/6/mdf-bocado-urban-ladder-dark-walnut-original-imaeq83eudy82bmz.jpeg?q=70
rukminim1.flixcart.com/image/128/128/cabinet-drawer/d/8/6/mdf-bocado-urban-ladder-dark-walnut-original-imaeq83e39fnyv6f.jpeg?q=70
rukminim1.flixcart.com/image/128/128/cabinet-drawer/d/8/6/mdf-bocado-urban-ladder-dark-walnut-original-imaeq83ez2amyubk.jpeg?q=70
rukminim1.flixcart.com/image/128/128/cabinet-drawer/d/8/6/mdf-bocado-urban-ladder-dark-walnut-original-imaeq83e9bdgxgrv.jpeg?q=70
rukminim1.flixcart.com/image/128/128/cabinet-drawer/d/8/6/mdf-bocado-urban-ladder-dark-walnut-original-imaeq83egmvmtgzx.jpeg?q=70
rukminim1.flixcart.com/image/128/128/cabinet-drawer/d/8/6/mdf-bocado-urban-ladder-dark-walnut-original-imaeq83ezg3nsgrr.jpeg?q=70
rukminim1.flixcart.com/image/128/128/cabinet-drawer/d/8/6/mdf-bocado-urban-ladder-dark-walnut-original-imaeq83etq7b9rhq.jpeg?q=70
"
33,ShopyBucket,340 mm,820 mm,4 Tier Stroage Box Zd,Pink,Plastic,Chest of Drawers,4 kg,355 mm,"rukminim1.flixcart.com/image/128/128/j66s3gw0/cabinet-drawer/v/z/6/pvc-4-tier-stroage-box-zd-shopybucket-pink-original-imaewfr3cyhqhshx.jpeg?q=70
rukminim1.flixcart.com/image/128/128/j66s3gw0/cabinet-drawer/v/z/6/pvc-4-tier-stroage-box-zd-shopybucket-pink-original-imaewfr3xzzagjwv.jpeg?q=70
rukminim1.flixcart.com/image/128/128/j66s3gw0/cabinet-drawer/v/z/6/pvc-4-tier-stroage-box-zd-shopybucket-pink-original-imaewfr3aqgberrz.jpeg?q=70
rukminim1.flixcart.com/image/128/128/j66s3gw0/cabinet-drawer/v/z/6/pvc-4-tier-stroage-box-zd-shopybucket-pink-original-imaewfr3fazyh62f.jpeg?q=70
rukminim1.flixcart.com/image/128/128/j66s3gw0/cabinet-drawer/v/z/6/pvc-4-tier-stroage-box-zd-shopybucket-pink-original-imaewfr3mp2u8tqc.jpeg?q=70
"
34,ShopyBucket,430 mm,810 mm,5 Tier Stroage Box,Green,Plastic,Chest of Drawers,4 kg,355 mm,"rukminim1.flixcart.com/image/128/128/j66s3gw0/cabinet-drawer/r/8/y/pvc-5-tier-stroage-box-shopybucket-green-original-imaewfr2bp33hgga.jpeg?q=70
rukminim1.flixcart.com/image/128/128/j66s3gw0/cabinet-drawer/r/8/y/pvc-5-tier-stroage-box-shopybucket-green-original-imaewfr2ahgz3g2x.jpeg?q=70
rukminim1.flixcart.com/image/128/128/j66s3gw0/cabinet-drawer/r/8/y/pvc-5-tier-stroage-box-shopybucket-green-original-imaewfr2jajwhmma.jpeg?q=70
rukminim1.flixcart.com/image/128/128/j66s3gw0/cabinet-drawer/r/8/y/pvc-5-tier-stroage-box-shopybucket-green-original-imaewfr2hgbz5bu9.jpeg?q=70
rukminim1.flixcart.com/image/128/128/j66s3gw0/cabinet-drawer/r/8/y/pvc-5-tier-stroage-box-shopybucket-green-original-imaewfr2gfcatt9k.jpeg?q=70
"
35,ShopyBucket,340 mm,820 mm,4 Tier Stroage Box Zc,Blue,Plastic,Chest of Drawers,4 kg,355 mm,"rukminim1.flixcart.com/image/128/128/j66s3gw0/cabinet-drawer/q/q/3/pvc-4-tier-stroage-box-zc-shopybucket-blue-original-imaewfr2p3htfdya.jpeg?q=70
rukminim1.flixcart.com/image/128/128/j66s3gw0/cabinet-drawer/q/q/3/pvc-4-tier-stroage-box-zc-shopybucket-blue-original-imaewfr3fk6uhwzx.jpeg?q=70
rukminim1.flixcart.com/image/128/128/j66s3gw0/cabinet-drawer/q/q/3/pvc-4-tier-stroage-box-zc-shopybucket-blue-original-imaewfr2mhfpgrhw.jpeg?q=70
rukminim1.flixcart.com/image/128/128/j66s3gw0/cabinet-drawer/q/q/3/pvc-4-tier-stroage-box-zc-shopybucket-blue-original-imaewfr3bset2hxb.jpeg?q=70
rukminim1.flixcart.com/image/128/128/j66s3gw0/cabinet-drawer/q/q/3/pvc-4-tier-stroage-box-zc-shopybucket-blue-original-imaewfr3n5hfdwzp.jpeg?q=70
"
36,ShopyBucket,340 mm,820 mm,4 Tier Stroage Box Zj,Brown,Plastic,Chest of Drawers,4 kg,355 mm,"rukminim1.flixcart.com/image/128/128/j66s3gw0/cabinet-drawer/t/q/r/pvc-4-tier-stroage-box-zj-shopybucket-brown-original-imaewfrfbszxqkng.jpeg?q=70
rukminim1.flixcart.com/image/128/128/j66s3gw0/cabinet-drawer/t/q/r/pvc-4-tier-stroage-box-zj-shopybucket-brown-original-imaewfr2wgrtdqdg.jpeg?q=70
rukminim1.flixcart.com/image/128/128/j66s3gw0/cabinet-drawer/t/q/r/pvc-4-tier-stroage-box-zj-shopybucket-brown-original-imaewfrfgrvpeuhg.jpeg?q=70
rukminim1.flixcart.com/image/128/128/j66s3gw0/cabinet-drawer/t/q/r/pvc-4-tier-stroage-box-zj-shopybucket-brown-original-imaewfr2htc2p8gf.jpeg?q=70
rukminim1.flixcart.com/image/128/128/j66s3gw0/cabinet-drawer/t/q/r/pvc-4-tier-stroage-box-zj-shopybucket-brown-original-imaewfr2xugyfnwz.jpeg?q=70
"
37,ShopyBucket,340 mm,820 mm,4 Tier Stroage Box Ze,Green,Plastic,Chest of Drawers,4 kg,355 mm,"rukminim1.flixcart.com/image/128/128/j66s3gw0/cabinet-drawer/r/g/u/pvc-4-tier-stroage-box-ze-shopybucket-green-original-imaewfrfg8vkcuvj.jpeg?q=70
rukminim1.flixcart.com/image/128/128/j66s3gw0/cabinet-drawer/r/g/u/pvc-4-tier-stroage-box-ze-shopybucket-green-original-imaewfrfh3favnjw.jpeg?q=70
rukminim1.flixcart.com/image/128/128/j66s3gw0/cabinet-drawer/r/g/u/pvc-4-tier-stroage-box-ze-shopybucket-green-original-imaewfrfz7zvfxhf.jpeg?q=70
rukminim1.flixcart.com/image/128/128/j66s3gw0/cabinet-drawer/r/g/u/pvc-4-tier-stroage-box-ze-shopybucket-green-original-imaewfr2zekymrkh.jpeg?q=70
rukminim1.flixcart.com/image/128/128/j66s3gw0/cabinet-drawer/r/g/u/pvc-4-tier-stroage-box-ze-shopybucket-green-original-imaewfrfgsgwzxkh.jpeg?q=70
"
38,ShopyBucket,430 mm,810 mm,5 Tier Stroage Box,Red,Plastic,Chest of Drawers,4 kg,355 mm,"rukminim1.flixcart.com/image/128/128/j66s3gw0/cabinet-drawer/u/n/3/pvc-5-tier-stroage-box-shopybucket-red-original-imaewfr2ccnradcb.jpeg?q=70
rukminim1.flixcart.com/image/128/128/j66s3gw0/cabinet-drawer/u/n/3/pvc-5-tier-stroage-box-shopybucket-red-original-imaewfr2rexswfsq.jpeg?q=70
rukminim1.flixcart.com/image/128/128/j66s3gw0/cabinet-drawer/u/n/3/pvc-5-tier-stroage-box-shopybucket-red-original-imaewfr2s6fgxwfk.jpeg?q=70
rukminim1.flixcart.com/image/128/128/j66s3gw0/cabinet-drawer/u/n/3/pvc-5-tier-stroage-box-shopybucket-red-original-imaewfr2gqu7vf62.jpeg?q=70
rukminim1.flixcart.com/image/128/128/j66s3gw0/cabinet-drawer/u/n/3/pvc-5-tier-stroage-box-shopybucket-red-original-imaewfr2stmr9hpk.jpeg?q=70
"
39,ShopyBucket,430 mm,810 mm,5 Tier Stroage Box,Yellow,Plastic,Chest of Drawers,4 kg,355 mm,"rukminim1.flixcart.com/image/128/128/j66s3gw0/cabinet-drawer/5/h/w/pvc-5-tier-stroage-box-shopybucket-yellow-original-imaewfr2mhvadecb.jpeg?q=70
rukminim1.flixcart.com/image/128/128/j66s3gw0/cabinet-drawer/5/h/w/pvc-5-tier-stroage-box-shopybucket-yellow-original-imaewfr2aeez3naq.jpeg?q=70
rukminim1.flixcart.com/image/128/128/j66s3gw0/cabinet-drawer/5/h/w/pvc-5-tier-stroage-box-shopybucket-yellow-original-imaewfr2yhuux2wm.jpeg?q=70
rukminim1.flixcart.com/image/128/128/j66s3gw0/cabinet-drawer/5/h/w/pvc-5-tier-stroage-box-shopybucket-yellow-original-imaewfr2p7w3bgue.jpeg?q=70
rukminim1.flixcart.com/image/128/128/j66s3gw0/cabinet-drawer/5/h/w/pvc-5-tier-stroage-box-shopybucket-yellow-original-imaewfr2kvded82j.jpeg?q=70
"
40,ShopyBucket,340 mm,820 mm,4 Tier Stroage Box Zf,Yellow,Plastic,Chest of Drawers,4 kg,355 mm,"rukminim1.flixcart.com/image/128/128/j66s3gw0/cabinet-drawer/z/y/y/pvc-4-tier-stroage-box-zf-shopybucket-yellow-original-imaewfr2knezwhcy.jpeg?q=70
rukminim1.flixcart.com/image/128/128/j66s3gw0/cabinet-drawer/z/y/y/pvc-4-tier-stroage-box-zf-shopybucket-yellow-original-imaewfr2cumbzpvg.jpeg?q=70
rukminim1.flixcart.com/image/128/128/j66s3gw0/cabinet-drawer/z/y/y/pvc-4-tier-stroage-box-zf-shopybucket-yellow-original-imaewfr2urvwhyfe.jpeg?q=70
rukminim1.flixcart.com/image/128/128/j66s3gw0/cabinet-drawer/z/y/y/pvc-4-tier-stroage-box-zf-shopybucket-yellow-original-imaewfr2fx9mfuwr.jpeg?q=70
rukminim1.flixcart.com/image/128/128/j66s3gw0/cabinet-drawer/z/y/y/pvc-4-tier-stroage-box-zf-shopybucket-yellow-original-imaewfr29qxbpbm2.jpeg?q=70
"
41,ShopyBucket,430 mm,810 mm,5 Tier Stroage Box,Pink,Plastic,Chest of Drawers,4 kg,355 mm,"rukminim1.flixcart.com/image/128/128/j66s3gw0/cabinet-drawer/t/z/f/pvc-5-tier-stroage-box-shopybucket-pink-original-imaewfr3rqvyfzzg.jpeg?q=70
rukminim1.flixcart.com/image/128/128/j66s3gw0/cabinet-drawer/t/z/f/pvc-5-tier-stroage-box-shopybucket-pink-original-imaewfr3sfhkhrdz.jpeg?q=70
rukminim1.flixcart.com/image/128/128/j66s3gw0/cabinet-drawer/t/z/f/pvc-5-tier-stroage-box-shopybucket-pink-original-imaewfr3zzjgwy5t.jpeg?q=70
rukminim1.flixcart.com/image/128/128/j66s3gw0/cabinet-drawer/t/z/f/pvc-5-tier-stroage-box-shopybucket-pink-original-imaewfr3ecfyx5d8.jpeg?q=70
rukminim1.flixcart.com/image/128/128/j66s3gw0/cabinet-drawer/t/z/f/pvc-5-tier-stroage-box-shopybucket-pink-original-imaewfr3ztpar7zy.jpeg?q=70
"
42,ShopyBucket,430 mm,810 mm,5 Tier Stroage Box,Purple,Plastic,Chest of Drawers,4 kg,355 mm,"rukminim1.flixcart.com/image/128/128/j66s3gw0/cabinet-drawer/f/c/f/pvc-5-tier-stroage-box-shopybucket-purple-original-imaewfr2gvhgm4se.jpeg?q=70
rukminim1.flixcart.com/image/128/128/j66s3gw0/cabinet-drawer/f/c/f/pvc-5-tier-stroage-box-shopybucket-purple-original-imaewfr2qcrgyepv.jpeg?q=70
rukminim1.flixcart.com/image/128/128/j66s3gw0/cabinet-drawer/f/c/f/pvc-5-tier-stroage-box-shopybucket-purple-original-imaewfr24k89kcva.jpeg?q=70
rukminim1.flixcart.com/image/128/128/j66s3gw0/cabinet-drawer/f/c/f/pvc-5-tier-stroage-box-shopybucket-purple-original-imaewfr3krwf2hy4.jpeg?q=70
rukminim1.flixcart.com/image/128/128/j66s3gw0/cabinet-drawer/f/c/f/pvc-5-tier-stroage-box-shopybucket-purple-original-imaewfr2xzauuasj.jpeg?q=70
"
43,ShopyBucket,340 mm,820 mm,4 Tier Stroage Box Zh,Pink,Plastic,Chest of Drawers,4 kg,355 mm,"rukminim1.flixcart.com/image/128/128/j66s3gw0/cabinet-drawer/y/z/5/pvc-4-tier-stroage-box-zh-shopybucket-pink-white-original-imaewfr2xzbtg7zk.jpeg?q=70
rukminim1.flixcart.com/image/128/128/j66s3gw0/cabinet-drawer/y/z/5/pvc-4-tier-stroage-box-zh-shopybucket-pink-white-original-imaewfr27ge5sdtp.jpeg?q=70
rukminim1.flixcart.com/image/128/128/j66s3gw0/cabinet-drawer/y/z/5/pvc-4-tier-stroage-box-zh-shopybucket-pink-white-original-imaewfr2ydndzgma.jpeg?q=70
rukminim1.flixcart.com/image/128/128/j66s3gw0/cabinet-drawer/y/z/5/pvc-4-tier-stroage-box-zh-shopybucket-pink-white-original-imaewfr268kwgsv9.jpeg?q=70
rukminim1.flixcart.com/image/128/128/j66s3gw0/cabinet-drawer/y/z/5/pvc-4-tier-stroage-box-zh-shopybucket-pink-white-original-imaewfr2tx3j5g5u.jpeg?q=70
"
44,ShopyBucket,340 mm,820 mm,4 Tier Stroage Box Z,Purple,Plastic,Chest of Drawers,4 kg,330 mm,"rukminim1.flixcart.com/image/128/128/j66s3gw0/cabinet-drawer/r/p/k/pvc-4-tier-stroage-box-z-shopybucket-purple-original-imaewfr2fhrrhhzp.jpeg?q=70
rukminim1.flixcart.com/image/128/128/j66s3gw0/cabinet-drawer/r/p/k/pvc-4-tier-stroage-box-z-shopybucket-purple-original-imaewfr2vhyrwvrh.jpeg?q=70
rukminim1.flixcart.com/image/128/128/j66s3gw0/cabinet-drawer/r/p/k/pvc-4-tier-stroage-box-z-shopybucket-purple-original-imaewfr2tzqzgqrk.jpeg?q=70
rukminim1.flixcart.com/image/128/128/j66s3gw0/cabinet-drawer/r/p/k/pvc-4-tier-stroage-box-z-shopybucket-purple-original-imaewfr2kwdypdvh.jpeg?q=70
rukminim1.flixcart.com/image/128/128/j66s3gw0/cabinet-drawer/r/p/k/pvc-4-tier-stroage-box-z-shopybucket-purple-original-imaewfr2ym5hzduy.jpeg?q=70
"
45,ShopyBucket,340 mm,820 mm,4 Tier Stroage Box Zi,Multicolor,Plastic,Chest of Drawers,4 kg,355 mm,"rukminim1.flixcart.com/image/128/128/j66s3gw0/cabinet-drawer/f/3/9/pvc-4-tier-stroage-box-zi-shopybucket-multicolor-original-imaewfr3fyuz6hrz.jpeg?q=70
rukminim1.flixcart.com/image/128/128/j66s3gw0/cabinet-drawer/f/3/9/pvc-4-tier-stroage-box-zi-shopybucket-multicolor-original-imaewfr3yz6jzzcp.jpeg?q=70
rukminim1.flixcart.com/image/128/128/j66s3gw0/cabinet-drawer/f/3/9/pvc-4-tier-stroage-box-zi-shopybucket-multicolor-original-imaewfr3wp9thnht.jpeg?q=70
rukminim1.flixcart.com/image/128/128/j66s3gw0/cabinet-drawer/f/3/9/pvc-4-tier-stroage-box-zi-shopybucket-multicolor-original-imaewfr3xbzcpkgh.jpeg?q=70
rukminim1.flixcart.com/image/128/128/j66s3gw0/cabinet-drawer/f/3/9/pvc-4-tier-stroage-box-zi-shopybucket-multicolor-original-imaewfr3vxkyk39z.jpeg?q=70
"
46,ShopyBucket,340 mm,820 mm,4 Tier Stroage Box Zg,Red,Plastic,Chest of Drawers,4 kg,355 mm,"rukminim1.flixcart.com/image/128/128/j66s3gw0/cabinet-drawer/e/p/r/pvc-4-tier-stroage-box-zg-shopybucket-red-original-imaewfr2wvpchedb.jpeg?q=70
rukminim1.flixcart.com/image/128/128/j66s3gw0/cabinet-drawer/e/p/r/pvc-4-tier-stroage-box-zg-shopybucket-red-original-imaewfr2hkpvskeh.jpeg?q=70
rukminim1.flixcart.com/image/128/128/j66s3gw0/cabinet-drawer/e/p/r/pvc-4-tier-stroage-box-zg-shopybucket-red-original-imaewfr2wznbz5fb.jpeg?q=70
rukminim1.flixcart.com/image/128/128/j66s3gw0/cabinet-drawer/e/p/r/pvc-4-tier-stroage-box-zg-shopybucket-red-original-imaewfr2gx7r7wyd.jpeg?q=70
rukminim1.flixcart.com/image/128/128/j66s3gw0/cabinet-drawer/e/p/r/pvc-4-tier-stroage-box-zg-shopybucket-red-original-imaewfr2nbzmyfug.jpeg?q=70
"
47,Urban Ladder,89.9 mm,46.5 mm,Devoto Open Prayer 1,Brown,Solid Wood,Cabinet,0 kg,35.8 mm,"rukminim1.flixcart.com/image/128/128/cabinet-drawer/6/w/b/devoto-open-prayer-1-rosewood-sheesham-urban-ladder-mahogany-original-imaepzb2ug4xhwes.jpeg?q=70
rukminim1.flixcart.com/image/128/128/cabinet-drawer/6/w/b/devoto-open-prayer-1-rosewood-sheesham-urban-ladder-mahogany-original-imaepzb29xj4ysdc.jpeg?q=70
rukminim1.flixcart.com/image/128/128/cabinet-drawer/6/w/b/devoto-open-prayer-1-rosewood-sheesham-urban-ladder-mahogany-original-imaepzb2nnwnhzyk.jpeg?q=70
rukminim1.flixcart.com/image/128/128/cabinet-drawer/6/w/b/devoto-open-prayer-1-rosewood-sheesham-urban-ladder-mahogany-original-imaepzb2cfakcbzw.jpeg?q=70
rukminim1.flixcart.com/image/128/128/cabinet-drawer/6/w/b/devoto-open-prayer-1-rosewood-sheesham-urban-ladder-mahogany-original-imaepzb24b6kruhj.jpeg?q=70
rukminim1.flixcart.com/image/128/128/cabinet-drawer/6/w/b/devoto-open-prayer-1-rosewood-sheesham-urban-ladder-mahogany-original-imaepzb2sbm6fzyx.jpeg?q=70
rukminim1.flixcart.com/image/128/128/cabinet-drawer/6/w/b/devoto-open-prayer-1-rosewood-sheesham-urban-ladder-mahogany-original-imaepzb2t9mzmdte.jpeg?q=70
"
48,Urban Ladder,44.9 mm,84.8 mm,Ohio 2,Brown,Solid Wood,Chest of Drawers,77.5 kg,114.8 mm,"rukminim1.flixcart.com/image/128/128/j26gmfk0-1/cabinet-drawer/g/5/m/rosewood-sheesham-ohio-2-urban-ladder-teak-original-imaethfjftrrkzvr.jpeg?q=70
rukminim1.flixcart.com/image/128/128/j26gmfk0-1/cabinet-drawer/g/5/m/rosewood-sheesham-ohio-2-urban-ladder-teak-original-imaethfjauhfykgw.jpeg?q=70
rukminim1.flixcart.com/image/128/128/j26gmfk0-1/cabinet-drawer/g/5/m/rosewood-sheesham-ohio-2-urban-ladder-teak-original-imaethfjxpvyan9z.jpeg?q=70
rukminim1.flixcart.com/image/128/128/j26gmfk0-1/cabinet-drawer/g/5/m/rosewood-sheesham-ohio-2-urban-ladder-teak-original-imaethfjbhnwkuzg.jpeg?q=70
rukminim1.flixcart.com/image/128/128/j26gmfk0-1/cabinet-drawer/g/5/m/rosewood-sheesham-ohio-2-urban-ladder-teak-original-imaethfjmmusqhqt.jpeg?q=70
rukminim1.flixcart.com/image/128/128/j26gmfk0-1/cabinet-drawer/g/5/m/rosewood-sheesham-ohio-2-urban-ladder-teak-original-imaethfjv5kzzhbt.jpeg?q=70
rukminim1.flixcart.com/image/128/128/j26gmfk0-1/cabinet-drawer/g/5/m/rosewood-sheesham-ohio-2-urban-ladder-teak-original-imaethfjn8nsazmg.jpeg?q=70
rukminim1.flixcart.com/image/128/128/j26gmfk0-1/cabinet-drawer/g/5/m/rosewood-sheesham-ohio-2-urban-ladder-teak-original-imaethfjbhvtryea.jpeg?q=70
rukminim1.flixcart.com/image/128/128/j26gmfk0-1/cabinet-drawer/g/5/m/rosewood-sheesham-ohio-2-urban-ladder-teak-original-imaethfjpwdfmfcc.jpeg?q=70
"
49,Urban Ladder,49.7 mm,94.9 mm,Mahe,Brown,Solid Wood,Chest of Drawers,48 kg,89.9 mm,"rukminim1.flixcart.com/image/128/128/cabinet-drawer/d/n/k/mango-wood-mahe-urban-ladder-walnut-original-imaeryyhjwrcndnh.jpeg?q=70
rukminim1.flixcart.com/image/128/128/cabinet-drawer/d/n/k/mango-wood-mahe-urban-ladder-walnut-original-imaeryyh5smwtfty.jpeg?q=70
rukminim1.flixcart.com/image/128/128/cabinet-drawer/d/n/k/mango-wood-mahe-urban-ladder-walnut-original-imaeryyh5rjgh6f6.jpeg?q=70
rukminim1.flixcart.com/image/128/128/cabinet-drawer/d/n/k/mango-wood-mahe-urban-ladder-walnut-original-imaeryyhaznhcevc.jpeg?q=70
rukminim1.flixcart.com/image/128/128/cabinet-drawer/d/n/k/mango-wood-mahe-urban-ladder-walnut-original-imaeryyh2xdb3gjg.jpeg?q=70
rukminim1.flixcart.com/image/128/128/cabinet-drawer/d/n/k/mango-wood-mahe-urban-ladder-walnut-original-imaeryyhg2mhemyk.jpeg?q=70
rukminim1.flixcart.com/image/128/128/cabinet-drawer/d/n/k/mango-wood-mahe-urban-ladder-walnut-original-imaeryyh7zfvzszp.jpeg?q=70
rukminim1.flixcart.com/image/128/128/cabinet-drawer/d/n/k/mango-wood-mahe-urban-ladder-walnut-original-imaeryyhgpq2rvzj.jpeg?q=70
rukminim1.flixcart.com/image/128/128/cabinet-drawer/d/n/k/mango-wood-mahe-urban-ladder-walnut-original-imaeryyhjhgfq9rd.jpeg?q=70
rukminim1.flixcart.com/image/128/128/cabinet-drawer/d/n/k/mango-wood-mahe-urban-ladder-walnut-original-imaeryyhrgtf4sab.jpeg?q=70
"
50,Urban Ladder,144.8 mm,86.9 mm,Striado 2,Brown,Solid Wood,Sideboard,85.37 kg,45.7 mm,"rukminim1.flixcart.com/image/128/128/cabinet-drawer/n/c/b/rosewood-sheesham-striado-2-urban-ladder-teak-original-imaeq83eewhtbs4z.jpeg?q=70
rukminim1.flixcart.com/image/128/128/cabinet-drawer/n/c/b/rosewood-sheesham-striado-2-urban-ladder-teak-original-imaeq83eghf3hbbt.jpeg?q=70
rukminim1.flixcart.com/image/128/128/cabinet-drawer/n/c/b/rosewood-sheesham-striado-2-urban-ladder-teak-original-imaeq83ehmrdqx8d.jpeg?q=70
rukminim1.flixcart.com/image/128/128/cabinet-drawer/n/c/b/rosewood-sheesham-striado-2-urban-ladder-teak-original-imaeq83ehhgxjzet.jpeg?q=70
rukminim1.flixcart.com/image/128/128/cabinet-drawer/n/c/b/rosewood-sheesham-striado-2-urban-ladder-teak-original-imaeq83ehujncxqk.jpeg?q=70
rukminim1.flixcart.com/image/128/128/cabinet-drawer/n/c/b/rosewood-sheesham-striado-2-urban-ladder-teak-original-imaeq83efxbfytej.jpeg?q=70
rukminim1.flixcart.com/image/128/128/cabinet-drawer/n/c/b/rosewood-sheesham-striado-2-urban-ladder-teak-original-imaeq83enhfgjx6e.jpeg?q=70
rukminim1.flixcart.com/image/128/128/cabinet-drawer/n/c/b/rosewood-sheesham-striado-2-urban-ladder-teak-original-imaeq83eqnpe7paf.jpeg?q=70
rukminim1.flixcart.com/image/128/128/cabinet-drawer/n/c/b/rosewood-sheesham-striado-2-urban-ladder-teak-original-imaeq83eyzahypdw.jpeg?q=70
rukminim1.flixcart.com/image/128/128/cabinet-drawer/n/c/b/rosewood-sheesham-striado-2-urban-ladder-teak-original-imaeq83enkzhkusn.jpeg?q=70
rukminim1.flixcart.com/image/128/128/cabinet-drawer/n/c/b/rosewood-sheesham-striado-2-urban-ladder-teak-original-imaeq83ewpauuzkp.jpeg?q=70
rukminim1.flixcart.com/image/128/128/cabinet-drawer/n/c/b/rosewood-sheesham-striado-2-urban-ladder-teak-original-imaeq83egyu7vpjg.jpeg?q=70
"
51,Urban Ladder,91.4 mm,45.7 mm,Lyon,Beige,Solid Wood,Chest of Drawers,31 kg,91.4 mm,"rukminim1.flixcart.com/image/128/128/cabinet-drawer/h/z/x/lyon-mango-wood-urban-ladder-natural-distressed-original-imaez692b2vpbmmn.jpeg?q=70
rukminim1.flixcart.com/image/128/128/cabinet-drawer/h/z/x/lyon-mango-wood-urban-ladder-natural-distressed-original-imaez692jsvrgjbe.jpeg?q=70
rukminim1.flixcart.com/image/128/128/cabinet-drawer/h/z/x/lyon-mango-wood-urban-ladder-natural-distressed-original-imaez6925hs35qhc.jpeg?q=70
rukminim1.flixcart.com/image/128/128/cabinet-drawer/h/z/x/lyon-mango-wood-urban-ladder-natural-distressed-original-imaez692hpgew8uw.jpeg?q=70
rukminim1.flixcart.com/image/128/128/cabinet-drawer/h/z/x/lyon-mango-wood-urban-ladder-natural-distressed-original-imaez692ygz6knxx.jpeg?q=70
rukminim1.flixcart.com/image/128/128/cabinet-drawer/h/z/x/lyon-mango-wood-urban-ladder-natural-distressed-original-imaez692tybxaskv.jpeg?q=70
rukminim1.flixcart.com/image/128/128/cabinet-drawer/h/z/x/lyon-mango-wood-urban-ladder-natural-distressed-original-imaez692shngzdmt.jpeg?q=70
rukminim1.flixcart.com/image/128/128/cabinet-drawer/h/z/x/lyon-mango-wood-urban-ladder-natural-distressed-original-imaez692ay2ucshz.jpeg?q=70
"
52,Urban Ladder,130 mm,75.2 mm,Rhodes,Brown,Solid Wood,Sideboard,52.57 kg,39.6 mm,"rukminim1.flixcart.com/image/128/128/cabinet-drawer/j/e/f/rosewood-sheesham-rhodes-urban-ladder-mahogany-original-imaeqfbgwhrg2zaz.jpeg?q=70
rukminim1.flixcart.com/image/128/128/cabinet-drawer/j/e/f/rosewood-sheesham-rhodes-urban-ladder-mahogany-original-imaeqfbg6fukyd77.jpeg?q=70
rukminim1.flixcart.com/image/128/128/cabinet-drawer/j/e/f/rosewood-sheesham-rhodes-urban-ladder-mahogany-original-imaeqfbg3xqd4dzx.jpeg?q=70
rukminim1.flixcart.com/image/128/128/cabinet-drawer/j/e/f/rosewood-sheesham-rhodes-urban-ladder-mahogany-original-imaeqfbgafsm9ehv.jpeg?q=70
rukminim1.flixcart.com/image/128/128/cabinet-drawer/j/e/f/rosewood-sheesham-rhodes-urban-ladder-mahogany-original-imaeqfbgnfeecccg.jpeg?q=70
rukminim1.flixcart.com/image/128/128/cabinet-drawer/j/e/f/rosewood-sheesham-rhodes-urban-ladder-mahogany-original-imaeqfbgsec7azaf.jpeg?q=70
rukminim1.flixcart.com/image/128/128/cabinet-drawer/j/e/f/rosewood-sheesham-rhodes-urban-ladder-mahogany-original-imaeqfbgrct2kghj.jpeg?q=70
rukminim1.flixcart.com/image/128/128/cabinet-drawer/j/e/f/rosewood-sheesham-rhodes-urban-ladder-mahogany-original-imaeqfbg6znuwuqf.jpeg?q=70
rukminim1.flixcart.com/image/128/128/cabinet-drawer/j/e/f/rosewood-sheesham-rhodes-urban-ladder-mahogany-original-imaeqfbgyttqt2dv.jpeg?q=70
rukminim1.flixcart.com/image/128/128/cabinet-drawer/j/e/f/rosewood-sheesham-rhodes-urban-ladder-mahogany-original-imaeqfbgpeqwhdtv.jpeg?q=70
"
53,Urban Ladder,116.8 mm,81.3 mm,Vector 2,Brown,Solid Wood,Sideboard,73.44 kg,45.7 mm,"rukminim1.flixcart.com/image/128/128/cabinet-drawer/t/j/q/rosewood-sheesham-vector-2-urban-ladder-teak-original-imaeq83gph4sc2mg.jpeg?q=70
rukminim1.flixcart.com/image/128/128/cabinet-drawer/t/j/q/rosewood-sheesham-vector-2-urban-ladder-teak-original-imaeq83fdzj2ajuu.jpeg?q=70
rukminim1.flixcart.com/image/128/128/cabinet-drawer/t/j/q/rosewood-sheesham-vector-2-urban-ladder-teak-original-imaeq83fwnzhrbkx.jpeg?q=70
rukminim1.flixcart.com/image/128/128/cabinet-drawer/t/j/q/rosewood-sheesham-vector-2-urban-ladder-teak-original-imaeq83fjrpmbjfq.jpeg?q=70
rukminim1.flixcart.com/image/128/128/cabinet-drawer/t/j/q/rosewood-sheesham-vector-2-urban-ladder-teak-original-imaeq83g76fbbxfd.jpeg?q=70
rukminim1.flixcart.com/image/128/128/cabinet-drawer/t/j/q/rosewood-sheesham-vector-2-urban-ladder-teak-original-imaeq83frp3tqhjh.jpeg?q=70
rukminim1.flixcart.com/image/128/128/cabinet-drawer/t/j/q/rosewood-sheesham-vector-2-urban-ladder-teak-original-imaeq83gwrfggeqp.jpeg?q=70
rukminim1.flixcart.com/image/128/128/cabinet-drawer/t/j/q/rosewood-sheesham-vector-2-urban-ladder-teak-original-imaeq83geg5zmuyx.jpeg?q=70
rukminim1.flixcart.com/image/128/128/cabinet-drawer/t/j/q/rosewood-sheesham-vector-2-urban-ladder-teak-original-imaeq83gscgq7hje.jpeg?q=70
"
54,Urban Ladder,44.9 mm,84.8 mm,Ohio 1,Brown,Solid Wood,Chest of Drawers,77.5 kg,114.8 mm,"rukminim1.flixcart.com/image/128/128/j26gmfk0-1/cabinet-drawer/3/g/h/rosewood-sheesham-ohio-1-urban-ladder-mahogany-original-imaethfgw53ubjbu.jpeg?q=70
rukminim1.flixcart.com/image/128/128/j26gmfk0-1/cabinet-drawer/3/g/h/rosewood-sheesham-ohio-1-urban-ladder-mahogany-original-imaethfgphadsg7p.jpeg?q=70
rukminim1.flixcart.com/image/128/128/j26gmfk0-1/cabinet-drawer/3/g/h/rosewood-sheesham-ohio-1-urban-ladder-mahogany-original-imaethfgkbq3tgmj.jpeg?q=70
rukminim1.flixcart.com/image/128/128/j26gmfk0-1/cabinet-drawer/3/g/h/rosewood-sheesham-ohio-1-urban-ladder-mahogany-original-imaethfg6trv9nza.jpeg?q=70
rukminim1.flixcart.com/image/128/128/j26gmfk0-1/cabinet-drawer/3/g/h/rosewood-sheesham-ohio-1-urban-ladder-mahogany-original-imaethfggythbhsp.jpeg?q=70
rukminim1.flixcart.com/image/128/128/j26gmfk0-1/cabinet-drawer/3/g/h/rosewood-sheesham-ohio-1-urban-ladder-mahogany-original-imaethfgzgvknczj.jpeg?q=70
rukminim1.flixcart.com/image/128/128/j26gmfk0-1/cabinet-drawer/3/g/h/rosewood-sheesham-ohio-1-urban-ladder-mahogany-original-imaethfg6zh2zmgf.jpeg?q=70
rukminim1.flixcart.com/image/128/128/j26gmfk0-1/cabinet-drawer/3/g/h/rosewood-sheesham-ohio-1-urban-ladder-mahogany-original-imaethfghyjkqeve.jpeg?q=70
rukminim1.flixcart.com/image/128/128/j26gmfk0-1/cabinet-drawer/3/g/h/rosewood-sheesham-ohio-1-urban-ladder-mahogany-original-imaethfgfjbr6xxq.jpeg?q=70
"
55,Urban Ladder,149.9 mm,79.8 mm,Alaca,Brown,Solid Wood,Sideboard,72.28 kg,44.7 mm,"rukminim1.flixcart.com/image/128/128/cabinet-drawer/m/g/g/mango-wood-alaca-urban-ladder-mahogany-original-imaeq83frz3ygafu.jpeg?q=70
rukminim1.flixcart.com/image/128/128/cabinet-drawer/m/g/g/mango-wood-alaca-urban-ladder-mahogany-original-imaeq83f7bvcwn3z.jpeg?q=70
rukminim1.flixcart.com/image/128/128/cabinet-drawer/m/g/g/mango-wood-alaca-urban-ladder-mahogany-original-imaeq83febzjkuet.jpeg?q=70
rukminim1.flixcart.com/image/128/128/cabinet-drawer/m/g/g/alaca-mango-wood-urban-ladder-mahogany-original-imaeq83fdxyhbxmu.jpeg?q=70
rukminim1.flixcart.com/image/128/128/cabinet-drawer/m/g/g/mango-wood-alaca-urban-ladder-mahogany-original-imaeq83fcgxw6j83.jpeg?q=70
rukminim1.flixcart.com/image/128/128/cabinet-drawer/m/g/g/mango-wood-alaca-urban-ladder-mahogany-original-imaeq83fseqzjgx2.jpeg?q=70
rukminim1.flixcart.com/image/128/128/cabinet-drawer/m/g/g/mango-wood-alaca-urban-ladder-mahogany-original-imaeq83fyyndy5dc.jpeg?q=70
rukminim1.flixcart.com/image/128/128/cabinet-drawer/m/g/g/mango-wood-alaca-urban-ladder-mahogany-original-imaeq83fakugegk7.jpeg?q=70
"
56,Urban Ladder,144.8 mm,86.9 mm,Striado 1,Brown,Solid Wood,Sideboard,85.37 kg,45.7 mm,"rukminim1.flixcart.com/image/128/128/cabinet-drawer/z/p/t/rosewood-sheesham-striado-1-urban-ladder-mahogany-original-imaeq83et24ferjq.jpeg?q=70
rukminim1.flixcart.com/image/128/128/cabinet-drawer/z/p/t/rosewood-sheesham-striado-1-urban-ladder-mahogany-original-imaeq83eyvqdgguk.jpeg?q=70
rukminim1.flixcart.com/image/128/128/cabinet-drawer/z/p/t/rosewood-sheesham-striado-1-urban-ladder-mahogany-original-imaeq83edtctduhb.jpeg?q=70
rukminim1.flixcart.com/image/128/128/cabinet-drawer/z/p/t/rosewood-sheesham-striado-1-urban-ladder-mahogany-original-imaeq83e9vjwne3s.jpeg?q=70
rukminim1.flixcart.com/image/128/128/cabinet-drawer/z/p/t/rosewood-sheesham-striado-1-urban-ladder-mahogany-original-imaeq83egyqzgaty.jpeg?q=70
rukminim1.flixcart.com/image/128/128/cabinet-drawer/z/p/t/rosewood-sheesham-striado-1-urban-ladder-mahogany-original-imaeq83ewgg23dht.jpeg?q=70
rukminim1.flixcart.com/image/128/128/cabinet-drawer/z/p/t/rosewood-sheesham-striado-1-urban-ladder-mahogany-original-imaeq83efe5pnyeg.jpeg?q=70
rukminim1.flixcart.com/image/128/128/cabinet-drawer/z/p/t/rosewood-sheesham-striado-1-urban-ladder-mahogany-original-imaeq83emgrkhamm.jpeg?q=70
rukminim1.flixcart.com/image/128/128/cabinet-drawer/z/p/t/rosewood-sheesham-striado-1-urban-ladder-mahogany-original-imaeq83e8ux7ey25.jpeg?q=70
rukminim1.flixcart.com/image/128/128/cabinet-drawer/z/p/t/rosewood-sheesham-striado-1-urban-ladder-mahogany-original-imaeq83ewdfhubsb.jpeg?q=70
rukminim1.flixcart.com/image/128/128/cabinet-drawer/z/p/t/rosewood-sheesham-striado-1-urban-ladder-mahogany-original-imaeq83enaawfs4a.jpeg?q=70
rukminim1.flixcart.com/image/128/128/cabinet-drawer/z/p/t/rosewood-sheesham-striado-1-urban-ladder-mahogany-original-imaeq83efhj8k4af.jpeg?q=70
"
57,Urban Ladder,69.6 mm,119.4 mm,Bocado Tall,Brown,Engineered Wood,Chest of Drawers,28 kg,39.1 mm,"rukminim1.flixcart.com/image/128/128/cabinet-drawer/v/w/u/bocado-tall-mdf-urban-ladder-dark-walnut-original-imaez693dxtfrsda.jpeg?q=70
rukminim1.flixcart.com/image/128/128/cabinet-drawer/f/e/r/mdf-bocado-1-urban-ladder-dark-walnut-original-imaez693kfgjyzfd.jpeg?q=70
rukminim1.flixcart.com/image/128/128/cabinet-drawer/f/e/r/mdf-bocado-1-urban-ladder-dark-walnut-original-imaez693qvz4hb8v.jpeg?q=70
rukminim1.flixcart.com/image/128/128/cabinet-drawer/f/e/r/mdf-bocado-1-urban-ladder-dark-walnut-original-imaez693awmrnvuj.jpeg?q=70
rukminim1.flixcart.com/image/128/128/cabinet-drawer/f/e/r/mdf-bocado-1-urban-ladder-dark-walnut-original-imaez693cnpf2mhq.jpeg?q=70
rukminim1.flixcart.com/image/128/128/cabinet-drawer/f/e/r/mdf-bocado-1-urban-ladder-dark-walnut-original-imaez693cxzz2utc.jpeg?q=70
rukminim1.flixcart.com/image/128/128/cabinet-drawer/v/w/u/bocado-tall-mdf-urban-ladder-dark-walnut-original-imaez693hqzrpkpf.jpeg?q=70
rukminim1.flixcart.com/image/128/128/cabinet-drawer/v/w/u/bocado-tall-mdf-urban-ladder-dark-walnut-original-imaez6935jxfhe9q.jpeg?q=70
"
58,Urban Ladder,89.9 mm,46.5 mm,Devoto Open Prayer 2,Brown,Solid Wood,Cabinet,0 kg,35.8 mm,"rukminim1.flixcart.com/image/128/128/cabinet-drawer/w/f/g/devoto-open-prayer-2-rosewood-sheesham-urban-ladder-teak-original-imaepzb3sr9zd22j.jpeg?q=70
rukminim1.flixcart.com/image/128/128/cabinet-drawer/w/f/g/devoto-open-prayer-2-rosewood-sheesham-urban-ladder-teak-original-imaepzb3amuj4gbw.jpeg?q=70
rukminim1.flixcart.com/image/128/128/cabinet-drawer/w/f/g/devoto-open-prayer-2-rosewood-sheesham-urban-ladder-teak-original-imaepzb3ghsbsrgy.jpeg?q=70
rukminim1.flixcart.com/image/128/128/cabinet-drawer/w/f/g/devoto-open-prayer-2-rosewood-sheesham-urban-ladder-teak-original-imaepzb3mttq6efk.jpeg?q=70
rukminim1.flixcart.com/image/128/128/cabinet-drawer/w/f/g/devoto-open-prayer-2-rosewood-sheesham-urban-ladder-teak-original-imaepzb3cetav7s7.jpeg?q=70
rukminim1.flixcart.com/image/128/128/cabinet-drawer/w/f/g/devoto-open-prayer-2-rosewood-sheesham-urban-ladder-teak-original-imaepzb3shdysph2.jpeg?q=70
rukminim1.flixcart.com/image/128/128/cabinet-drawer/w/f/g/devoto-open-prayer-2-rosewood-sheesham-urban-ladder-teak-original-imaepzb3k9h9u6hd.jpeg?q=70
rukminim1.flixcart.com/image/128/128/cabinet-drawer/w/f/g/devoto-open-prayer-2-rosewood-sheesham-urban-ladder-teak-original-imaepzb3znn52qqg.jpeg?q=70
rukminim1.flixcart.com/image/128/128/cabinet-drawer/w/f/g/devoto-open-prayer-2-rosewood-sheesham-urban-ladder-teak-original-imaepzb3cnxdfqzz.jpeg?q=70
"
59,Urban Ladder,140.2 mm,80.3 mm,Vector XL,Brown,Solid Wood,Sideboard,84.01 kg,44.7 mm,"rukminim1.flixcart.com/image/128/128/cabinet-drawer/9/q/8/rosewood-sheesham-vector-xl-urban-ladder-teak-original-imaeq83efjhddjyh.jpeg?q=70
rukminim1.flixcart.com/image/128/128/cabinet-drawer/9/q/8/rosewood-sheesham-vector-xl-urban-ladder-teak-original-imaeq83ekddyvwgz.jpeg?q=70
rukminim1.flixcart.com/image/128/128/cabinet-drawer/9/q/8/rosewood-sheesham-vector-xl-urban-ladder-teak-original-imaeq83ebgwmgfyx.jpeg?q=70
rukminim1.flixcart.com/image/128/128/cabinet-drawer/9/q/8/rosewood-sheesham-vector-xl-urban-ladder-teak-original-imaeq83e8mfzh66z.jpeg?q=70
rukminim1.flixcart.com/image/128/128/cabinet-drawer/9/q/8/rosewood-sheesham-vector-xl-urban-ladder-teak-original-imaeq83e9vfcny2y.jpeg?q=70
rukminim1.flixcart.com/image/128/128/cabinet-drawer/9/q/8/rosewood-sheesham-vector-xl-urban-ladder-teak-original-imaeq83ehqza5yfa.jpeg?q=70
rukminim1.flixcart.com/image/128/128/cabinet-drawer/9/q/8/rosewood-sheesham-vector-xl-urban-ladder-teak-original-imaeq83egnkqvvya.jpeg?q=70
rukminim1.flixcart.com/image/128/128/cabinet-drawer/9/q/8/rosewood-sheesham-vector-xl-urban-ladder-teak-original-imaeq83ezkpvencd.jpeg?q=70
rukminim1.flixcart.com/image/128/128/cabinet-drawer/9/q/8/rosewood-sheesham-vector-xl-urban-ladder-teak-original-imaeq83ezwmvgzkn.jpeg?q=70
rukminim1.flixcart.com/image/128/128/cabinet-drawer/9/q/8/rosewood-sheesham-vector-xl-urban-ladder-teak-original-imaeq83esc9dhens.jpeg?q=70
rukminim1.flixcart.com/image/128/128/cabinet-drawer/9/q/8/rosewood-sheesham-vector-xl-urban-ladder-teak-original-imaeq83edb59p5gw.jpeg?q=70
rukminim1.flixcart.com/image/128/128/cabinet-drawer/9/q/8/rosewood-sheesham-vector-xl-urban-ladder-teak-original-imaeq83ekexgazbc.jpeg?q=70
rukminim1.flixcart.com/image/128/128/cabinet-drawer/9/q/8/rosewood-sheesham-vector-xl-urban-ladder-teak-original-imaeq83e4qynhyfq.jpeg?q=70
"
60,Urban Ladder,44.4 mm,81.2 mm,Emaada,Brown,Solid Wood,Chest of Drawers,56 kg,116.8 mm,"rukminim1.flixcart.com/image/128/128/cabinet-drawer/m/m/y/mango-wood-emaada-urban-ladder-teak-original-imaeryyhukgtazdv.jpeg?q=70
rukminim1.flixcart.com/image/128/128/cabinet-drawer/m/m/y/mango-wood-emaada-urban-ladder-teak-original-imaeryyhux8gjqaz.jpeg?q=70
rukminim1.flixcart.com/image/128/128/cabinet-drawer/m/m/y/mango-wood-emaada-urban-ladder-teak-original-imaeryyhfptcagyn.jpeg?q=70
rukminim1.flixcart.com/image/128/128/cabinet-drawer/m/m/y/mango-wood-emaada-urban-ladder-teak-original-imaeryyhegjhgehh.jpeg?q=70
rukminim1.flixcart.com/image/128/128/cabinet-drawer/m/m/y/mango-wood-emaada-urban-ladder-teak-original-imaeryyhzjghgzqb.jpeg?q=70
rukminim1.flixcart.com/image/128/128/cabinet-drawer/m/m/y/mango-wood-emaada-urban-ladder-teak-original-imaeryyhrxmtkusz.jpeg?q=70
rukminim1.flixcart.com/image/128/128/cabinet-drawer/m/m/y/mango-wood-emaada-urban-ladder-teak-original-imaeryyhe49jfn9y.jpeg?q=70
rukminim1.flixcart.com/image/128/128/cabinet-drawer/m/m/y/mango-wood-emaada-urban-ladder-teak-original-imaeryyhdmey3sr3.jpeg?q=70
"
61,Urban Ladder,49.784 mm,79.756 mm,Martino 1,Grey,Solid Wood,Chest of Drawers,44 kg,89.916 mm,"rukminim1.flixcart.com/image/128/128/j5723680/cabinet-drawer/s/k/3/rubber-wood-martino-1-urban-ladder-charcoal-grey-original-imaevxynsweyz3ja.jpeg?q=70
rukminim1.flixcart.com/image/128/128/j5723680/cabinet-drawer/s/k/3/rubber-wood-martino-1-urban-ladder-charcoal-grey-original-imaevxynbhza6nth.jpeg?q=70
rukminim1.flixcart.com/image/128/128/j5723680/cabinet-drawer/s/k/3/rubber-wood-martino-1-urban-ladder-charcoal-grey-original-imaevxyngmhgf6xv.jpeg?q=70
rukminim1.flixcart.com/image/128/128/j5723680/cabinet-drawer/s/k/3/rubber-wood-martino-1-urban-ladder-charcoal-grey-original-imaevxynfzbbantp.jpeg?q=70
rukminim1.flixcart.com/image/128/128/j5723680/cabinet-drawer/s/k/3/rubber-wood-martino-1-urban-ladder-charcoal-grey-original-imaevxynvpkessda.jpeg?q=70
rukminim1.flixcart.com/image/128/128/j5723680/cabinet-drawer/s/k/3/rubber-wood-martino-1-urban-ladder-charcoal-grey-original-imaevxyngfqguyhy.jpeg?q=70
"
62,Urban Ladder,40.3 mm,96.5 mm,Evelyn 2,White,Solid Wood,Chest of Drawers,50 kg,69.8 mm,"rukminim1.flixcart.com/image/128/128/j26gmfk0-1/cabinet-drawer/h/k/7/rubber-wood-evelyn-2-urban-ladder-white-original-imaethfgmdgghwwk.jpeg?q=70
rukminim1.flixcart.com/image/128/128/j26gmfk0-1/cabinet-drawer/h/k/7/rubber-wood-evelyn-2-urban-ladder-white-original-imaethfger54nt3x.jpeg?q=70
rukminim1.flixcart.com/image/128/128/j26gmfk0-1/cabinet-drawer/h/k/7/rubber-wood-evelyn-2-urban-ladder-white-original-imaethfgt3ctsu9y.jpeg?q=70
rukminim1.flixcart.com/image/128/128/j26gmfk0-1/cabinet-drawer/h/k/7/rubber-wood-evelyn-2-urban-ladder-white-original-imaethfgtvkyusbt.jpeg?q=70
rukminim1.flixcart.com/image/128/128/j26gmfk0-1/cabinet-drawer/h/k/7/rubber-wood-evelyn-2-urban-ladder-white-original-imaethfgqyt2pgqt.jpeg?q=70
rukminim1.flixcart.com/image/128/128/j26gmfk0-1/cabinet-drawer/h/k/7/rubber-wood-evelyn-2-urban-ladder-white-original-imaethfgunysgzwc.jpeg?q=70
rukminim1.flixcart.com/image/128/128/j26gmfk0-1/cabinet-drawer/h/k/7/rubber-wood-evelyn-2-urban-ladder-white-original-imaethfjqrhj2gza.jpeg?q=70
rukminim1.flixcart.com/image/128/128/j26gmfk0-1/cabinet-drawer/h/k/7/rubber-wood-evelyn-2-urban-ladder-white-original-imaethfgkgwn9cyf.jpeg?q=70
"
63,Urban Ladder,40.3 mm,96.5 mm,Evelyn 1,Brown,Solid Wood,Chest of Drawers,50 kg,69.8 mm,"rukminim1.flixcart.com/image/128/128/j26gmfk0-1/cabinet-drawer/h/m/u/rubber-wood-evelyn-1-urban-ladder-dark-walnut-original-imaethfjdvjj4d5f.jpeg?q=70
rukminim1.flixcart.com/image/128/128/j26gmfk0-1/cabinet-drawer/h/m/u/rubber-wood-evelyn-1-urban-ladder-dark-walnut-original-imaethfjjzezgufh.jpeg?q=70
rukminim1.flixcart.com/image/128/128/j26gmfk0-1/cabinet-drawer/h/m/u/rubber-wood-evelyn-1-urban-ladder-dark-walnut-original-imaethfjehjsnqfz.jpeg?q=70
rukminim1.flixcart.com/image/128/128/j26gmfk0-1/cabinet-drawer/h/m/u/rubber-wood-evelyn-1-urban-ladder-dark-walnut-original-imaethfj9yyhygtt.jpeg?q=70
rukminim1.flixcart.com/image/128/128/j26gmfk0-1/cabinet-drawer/h/m/u/rubber-wood-evelyn-1-urban-ladder-dark-walnut-original-imaethfjmhfhrdu4.jpeg?q=70
rukminim1.flixcart.com/image/128/128/j26gmfk0-1/cabinet-drawer/h/m/u/rubber-wood-evelyn-1-urban-ladder-dark-walnut-original-imaethfjzgab99jz.jpeg?q=70
rukminim1.flixcart.com/image/128/128/j26gmfk0-1/cabinet-drawer/h/m/u/rubber-wood-evelyn-1-urban-ladder-dark-walnut-original-imaethfjk2xgdmzv.jpeg?q=70
rukminim1.flixcart.com/image/128/128/j26gmfk0-1/cabinet-drawer/h/m/u/rubber-wood-evelyn-1-urban-ladder-dark-walnut-original-imaethfjxnrq4mmu.jpeg?q=70
rukminim1.flixcart.com/image/128/128/j26gmfk0-1/cabinet-drawer/h/m/u/rubber-wood-evelyn-1-urban-ladder-dark-walnut-original-imaethfjgejy3sug.jpeg?q=70
"
64,Acme Production,28 mm,58.4 mm,AC18319,Brown,Solid Wood,Chest of Drawers,4 kg,31.8 mm,"rukminim1.flixcart.com/image/128/128/j5pmt8w0-2/cabinet-drawer/n/n/g/mango-wood-ac18319-acme-production-walnut-original-imaewc5zd2fwq9fg.jpeg?q=70
rukminim1.flixcart.com/image/128/128/j5pmt8w0-2/cabinet-drawer/n/n/g/mango-wood-ac18319-acme-production-walnut-original-imaewc5zaskesqmh.jpeg?q=70
rukminim1.flixcart.com/image/128/128/j5pmt8w0-1/cabinet-drawer/n/n/g/mango-wood-ac18319-acme-production-walnut-original-imaewc5zjjkkgxbz.jpeg?q=70
rukminim1.flixcart.com/image/128/128/j5pmt8w0-1/cabinet-drawer/n/n/g/mango-wood-ac18319-acme-production-walnut-original-imaewc6y4beke9nh.jpeg?q=70
"
65,Spacewood,230 mm,940 mm,Mushroom Arte's Pharaoh Drawer Chest,Brown,Solid Wood,Chest of Drawers,17 kg,330 mm,"rukminim1.flixcart.com/image/128/128/j6nxdow0/cabinet-drawer/u/v/p/rosewood-sheesham-mushroom-arte-s-pharaoh-drawer-chest-spacewood-original-imaewe7z8g39pumm.jpeg?q=70
rukminim1.flixcart.com/image/128/128/j6nxdow0/cabinet-drawer/u/v/p/rosewood-sheesham-mushroom-arte-s-pharaoh-drawer-chest-spacewood-original-imaewe7pw9tvzs7v.jpeg?q=70
rukminim1.flixcart.com/image/128/128/j6nxdow0/cabinet-drawer/u/v/p/rosewood-sheesham-mushroom-arte-s-pharaoh-drawer-chest-spacewood-original-imaewe7rwzjyna3q.jpeg?q=70
rukminim1.flixcart.com/image/128/128/j6nxdow0/cabinet-drawer/u/v/p/rosewood-sheesham-mushroom-arte-s-pharaoh-drawer-chest-spacewood-original-imaewe7urveqxqyk.jpeg?q=70
rukminim1.flixcart.com/image/128/128/j6nxdow0/cabinet-drawer/u/v/p/rosewood-sheesham-mushroom-arte-s-pharaoh-drawer-chest-spacewood-original-imaewe7xfgtfjmge.jpeg?q=70
rukminim1.flixcart.com/image/128/128/j6nxdow0/cabinet-drawer/u/v/p/rosewood-sheesham-mushroom-arte-s-pharaoh-drawer-chest-spacewood-original-imaewe7wq5znrx8u.jpeg?q=70
rukminim1.flixcart.com/image/128/128/j6nxdow0/cabinet-drawer/u/v/p/rosewood-sheesham-mushroom-arte-s-pharaoh-drawer-chest-spacewood-original-imaewe7wt4hzyzs6.jpeg?q=70
"
66,Cello Furniture,38.1 mm,121.9 mm,Novelty Big,Brown,Plastic,Chest of Drawers,10 kg,58.4 mm,"rukminim1.flixcart.com/image/128/128/cabinet-drawer/h/a/s/novelty-big-pp-cello-furniture-wood-original-imaefuzbdvd2bwav.jpeg?q=70
rukminim1.flixcart.com/image/128/128/cabinet-drawer/h/a/s/novelty-big-pp-cello-furniture-wood-original-imaefjwa3yhmzkeg.jpeg?q=70
rukminim1.flixcart.com/image/128/128/cabinet-drawer/h/a/s/novelty-big-pp-cello-furniture-wood-original-imaefjwagdh7yzsg.jpeg?q=70
rukminim1.flixcart.com/image/128/128/cabinet-drawer/h/a/s/novelty-big-pp-cello-furniture-wood-original-imaefjwafewgxtpx.jpeg?q=70
"
67,Lalco Interiors,2.6 mm,2.9 mm,000559,Beige,Solid Wood,Chest of Drawers,20 kg,1.4 mm,"rukminim1.flixcart.com/image/128/128/j7td5e80/cabinet-drawer/9/e/h/mdf-000559-lalco-interiors-beige-original-imaexr8kg8hxyyfc.jpeg?q=70
rukminim1.flixcart.com/image/128/128/j7td5e80/cabinet-drawer/9/e/h/mdf-000559-lalco-interiors-beige-original-imaexvrz7gs5qsxy.jpeg?q=70
rukminim1.flixcart.com/image/128/128/j7td5e80/cabinet-drawer/9/e/h/mdf-000559-lalco-interiors-beige-original-imaexvrpfbvxbypb.jpeg?q=70
rukminim1.flixcart.com/image/128/128/j7td5e80/cabinet-drawer/9/e/h/mdf-000559-lalco-interiors-beige-original-imaexvrp7wy8usgu.jpeg?q=70
rukminim1.flixcart.com/image/128/128/j7td5e80/cabinet-drawer/9/e/h/mdf-000559-lalco-interiors-beige-original-imaexp8awhxdgweg.jpeg?q=70
rukminim1.flixcart.com/image/128/128/j7td5e80/cabinet-drawer/9/e/h/mdf-000559-lalco-interiors-beige-original-imaexvrpskpgy42k.jpeg?q=70
rukminim1.flixcart.com/image/128/128/j7td5e80/cabinet-drawer/9/e/h/mdf-000559-lalco-interiors-beige-original-imaexp8auaxffjgt.jpeg?q=70
"
