index,HDD Capacity,Model Name,Model Number,Operating System,Processor Brand,Processor Generation,Processor Name,RAM,Screen Size,image_urls
0,1 TB,IP 320,IP 320,Windows 10 Home,Intel,7th Gen,Core i5,8 GB,15.6 inch,"rukminim1.flixcart.com/image/128/128/j5vcknk0-1/computer/g/f/t/lenovo-na-notebook-original-imaewhf67yykthaq.jpeg?q=70
rukminim1.flixcart.com/image/128/128/j5vcknk0-1/computer/g/f/t/lenovo-na-notebook-original-imaewhf67yykthaq.jpeg?q=70
rukminim1.flixcart.com/image/128/128/j5vcknk0/computer/a/w/k/lenovo-na-notebook-original-imaewgn8bhqvr3qs.jpeg?q=70
rukminim1.flixcart.com/image/128/128/j6qs9e80/computer/a/f/k/lenovo-na-laptop-original-imaex4wzrhhymgpy.jpeg?q=70
rukminim1.flixcart.com/image/128/128/j5vcknk0-1/computer/g/f/t/lenovo-na-notebook-original-imaewhf6sgfhuzfr.jpeg?q=70
rukminim1.flixcart.com/image/128/128/j5vcknk0-1/computer/a/w/k/lenovo-na-notebook-original-imaewhf6nqhcafss.jpeg?q=70
rukminim1.flixcart.com/image/128/128/j5vcknk0-1/computer/a/w/k/lenovo-na-notebook-original-imaewhf68bfwcemn.jpeg?q=70
rukminim1.flixcart.com/image/128/128/j5vcknk0-1/computer/a/w/k/lenovo-na-notebook-original-imaewhf6vfpdbpy9.jpeg?q=70
rukminim1.flixcart.com/image/128/128/j5vcknk0-1/computer/a/w/k/lenovo-na-notebook-original-imaewhf6pmxdspjy.jpeg?q=70
"
1,1 TB,Inspiron 3467,3467,Windows 10 Home,Intel,6th Gen,Core i3,4 GB,14 inch,"rukminim1.flixcart.com/image/128/128/j2hw58w0/computer/n/p/g/dell-inspiron-3467-notebook-original-imaetu5cfhy3fg5r.jpeg?q=70
rukminim1.flixcart.com/image/128/128/j2hw58w0/computer/n/p/g/dell-inspiron-3467-notebook-original-imaetu5cfhy3fg5r.jpeg?q=70
rukminim1.flixcart.com/image/128/128/j2hw58w0/computer/g/z/c/dell-inspiron-3467-notebook-original-imaetu5c2fnugdmn.jpeg?q=70
rukminim1.flixcart.com/image/128/128/j2hw58w0/computer/n/p/g/dell-inspiron-3467-notebook-original-imaetu5cdxtyzs6z.jpeg?q=70
rukminim1.flixcart.com/image/128/128/j2hw58w0/computer/g/z/c/dell-inspiron-3467-notebook-original-imaetu5cfnzkbyur.jpeg?q=70
rukminim1.flixcart.com/image/128/128/j2hw58w0/computer/g/z/c/dell-inspiron-3467-notebook-original-imaetu5cyb6pffgn.jpeg?q=70
rukminim1.flixcart.com/image/128/128/j2hw58w0/computer/g/z/c/dell-inspiron-3467-notebook-original-imaetu5dhvpaga7m.jpeg?q=70
rukminim1.flixcart.com/image/128/128/j2hw58w0/computer/g/z/c/dell-inspiron-3467-notebook-original-imaetu5djuhw2cct.jpeg?q=70
rukminim1.flixcart.com/image/128/128/j2hw58w0/computer/g/z/c/dell-inspiron-3467-notebook-original-imaetu5chhe3dbzu.jpeg?q=70
rukminim1.flixcart.com/image/128/128/j2hw58w0/computer/g/z/c/dell-inspiron-3467-notebook-original-imaetu5pfjzfpafa.jpeg?q=70
rukminim1.flixcart.com/image/128/128/j2hw58w0/computer/g/z/c/dell-inspiron-3467-notebook-original-imaetu5c6fgesyyn.jpeg?q=70
"
2,1 TB,Inspiron,5559,Linux,Intel,6th Gen,Core i3,4 GB,15.6 inch,"rukminim1.flixcart.com/image/128/128/j3bwe4w0/computer/r/a/g/dell-inspiron-notebook-original-imaeuhf9qchqz55v.jpeg?q=70
rukminim1.flixcart.com/image/128/128/j3bwe4w0/computer/r/a/g/dell-inspiron-notebook-original-imaeuhf9dyzywdud.jpeg?q=70
rukminim1.flixcart.com/image/128/128/j3bwe4w0/computer/r/a/g/dell-inspiron-notebook-original-imaeuhfauqznedeg.jpeg?q=70
rukminim1.flixcart.com/image/128/128/j3bwe4w0/computer/r/a/g/dell-inspiron-notebook-original-imaeuhfamrxuh7ze.jpeg?q=70
rukminim1.flixcart.com/image/128/128/j3bwe4w0/computer/r/a/g/dell-inspiron-notebook-original-imaeuhf9rye5x2fy.jpeg?q=70
rukminim1.flixcart.com/image/128/128/j3bwe4w0/computer/r/a/g/dell-inspiron-notebook-original-imaeuhf9ntzgghzz.jpeg?q=70
rukminim1.flixcart.com/image/128/128/j3bwe4w0/computer/r/a/g/dell-inspiron-notebook-original-imaeuhf9zzhsyrzj.jpeg?q=70
"
3,500 GB,Aspire,ES1-572-33M8,Linux,Intel,6th Gen,Core i3,4 GB,15.6 inch,"rukminim1.flixcart.com/image/128/128/j2p1ci80/computer/c/6/7/acer-es-15-notebook-original-imaer2fqgufg9vna.jpeg?q=70
rukminim1.flixcart.com/image/128/128/j2p1ci80/computer/c/6/7/acer-es-15-notebook-original-imaer2fqzhngdzc3.jpeg?q=70
rukminim1.flixcart.com/image/128/128/j0sg7m80/computer/c/s/r/acer-notebook-original-imaer39ug2jx7bfw.jpeg?q=70
rukminim1.flixcart.com/image/128/128/j2p1ci80/computer/c/6/7/acer-es-15-notebook-original-imaer3a7yf6xzudt.jpeg?q=70
rukminim1.flixcart.com/image/128/128/j2p1ci80/computer/c/6/7/acer-es-15-notebook-original-imaer2fqqtpvmhhz.jpeg?q=70
rukminim1.flixcart.com/image/128/128/j2p1ci80/computer/c/6/7/acer-es-15-notebook-original-imaer3a6ayzzq3mq.jpeg?q=70
"
4,1 TB,Inspiron 3467,3467,Linux,Intel,6th Gen,Core i3,4 GB,14 inch,"rukminim1.flixcart.com/image/128/128/j2hw58w0/computer/g/z/c/dell-inspiron-3467-notebook-original-imaetugdqjnq5kh7.jpeg?q=70
rukminim1.flixcart.com/image/128/128/j2hw58w0/computer/g/z/c/dell-inspiron-3467-notebook-original-imaetugdqjnq5kh7.jpeg?q=70
rukminim1.flixcart.com/image/128/128/j6qs9e80/computer/g/z/c/dell-inspiron-3467-laptop-original-imaex4w6egymn89s.jpeg?q=70
rukminim1.flixcart.com/image/128/128/j2hw58w0/computer/g/z/c/dell-inspiron-3467-notebook-original-imaetu5c2fnugdmn.jpeg?q=70
rukminim1.flixcart.com/image/128/128/j2hw58w0/computer/g/z/c/dell-inspiron-3467-notebook-original-imaetu5cfnzkbyur.jpeg?q=70
rukminim1.flixcart.com/image/128/128/j2hw58w0/computer/g/z/c/dell-inspiron-3467-notebook-original-imaetu5cyb6pffgn.jpeg?q=70
rukminim1.flixcart.com/image/128/128/j2hw58w0/computer/g/z/c/dell-inspiron-3467-notebook-original-imaetu5djuhw2cct.jpeg?q=70
rukminim1.flixcart.com/image/128/128/j2hw58w0/computer/g/z/c/dell-inspiron-3467-notebook-original-imaetu5chhe3dbzu.jpeg?q=70
rukminim1.flixcart.com/image/128/128/j2hw58w0/computer/g/z/c/dell-inspiron-3467-notebook-original-imaetu5pfjzfpafa.jpeg?q=70
rukminim1.flixcart.com/image/128/128/j2hw58w0/computer/g/z/c/dell-inspiron-3467-notebook-original-imaetu5dhvpaga7m.jpeg?q=70
rukminim1.flixcart.com/image/128/128/j2hw58w0/computer/g/z/c/dell-inspiron-3467-notebook-original-imaetu5c6fgesyyn.jpeg?q=70
"
5,1 TB,IP 320,IP 320E,Windows 10 Home,Intel,6th Gen,Core i3,4 GB,15.6 inch,"rukminim1.flixcart.com/image/128/128/j62hrww0/computer/h/r/f/lenovo-notebook-original-imaewmd9wj44gggn.jpeg?q=70
rukminim1.flixcart.com/image/128/128/j62hrww0/computer/h/r/f/lenovo-notebook-original-imaewmd9wj44gggn.jpeg?q=70
rukminim1.flixcart.com/image/128/128/j7hxmkw0/computer/h/r/f/lenovo-ip-320e-laptop-original-imaexq7pfsfzqwu5.jpeg?q=70
rukminim1.flixcart.com/image/128/128/j62hrww0/computer/h/r/f/lenovo-notebook-original-imaewmd9tybdzzty.jpeg?q=70
rukminim1.flixcart.com/image/128/128/j62hrww0/computer/h/r/f/lenovo-notebook-original-imaewmd9dzmrefte.jpeg?q=70
rukminim1.flixcart.com/image/128/128/j62hrww0/computer/b/b/r/lenovo-notebook-original-imaewmd98rxxqd8s.jpeg?q=70
rukminim1.flixcart.com/image/128/128/j62hrww0/computer/b/b/r/lenovo-notebook-original-imaewmdafbesnfzb.jpeg?q=70
rukminim1.flixcart.com/image/128/128/j62hrww0/computer/b/b/r/lenovo-notebook-original-imaewmd9sypyzhgv.jpeg?q=70
rukminim1.flixcart.com/image/128/128/j62hrww0/computer/b/b/r/lenovo-notebook-original-imaewmd9ubrwcrfg.jpeg?q=70
"
6,1 TB,IP 320,IP 320E,DOS,AMD,7th Gen,APU Dual Core A9,4 GB,15.6 inch,"rukminim1.flixcart.com/image/128/128/j62hrww0/computer/b/b/r/lenovo-notebook-original-imaewmda7a2zuzca.jpeg?q=70
rukminim1.flixcart.com/image/128/128/j62hrww0/computer/b/b/r/lenovo-notebook-original-imaewmdat9f9zjbb.jpeg?q=70
rukminim1.flixcart.com/image/128/128/j62hrww0/computer/b/b/r/lenovo-notebook-original-imaewmdayz7mhp8t.jpeg?q=70
rukminim1.flixcart.com/image/128/128/j62hrww0/computer/b/b/r/lenovo-notebook-original-imaewmd98rxxqd8s.jpeg?q=70
rukminim1.flixcart.com/image/128/128/j7hxmkw0/computer/z/h/v/lenovo-ip-320e-laptop-original-imaexnup8wgyphgy.jpeg?q=70
rukminim1.flixcart.com/image/128/128/j62hrww0/computer/b/b/r/lenovo-notebook-original-imaewmd9ubrwcrfg.jpeg?q=70
"
7,1 TB,IP 320,IP 320E,DOS,AMD,7th Gen,APU Dual Core E2,4 GB,15.6 inch,"rukminim1.flixcart.com/image/128/128/j62hrww0/computer/b/b/r/lenovo-notebook-original-imaewmda7a2zuzca.jpeg?q=70
rukminim1.flixcart.com/image/128/128/j62hrww0/computer/b/b/r/lenovo-notebook-original-imaewmdat9f9zjbb.jpeg?q=70
rukminim1.flixcart.com/image/128/128/j62hrww0/computer/b/b/r/lenovo-notebook-original-imaewmdayz7mhp8t.jpeg?q=70
rukminim1.flixcart.com/image/128/128/j7hxmkw0/computer/z/h/v/lenovo-ip-320e-laptop-original-imaexnup8wgyphgy.jpeg?q=70
rukminim1.flixcart.com/image/128/128/j62hrww0/computer/b/b/r/lenovo-notebook-original-imaewmd98rxxqd8s.jpeg?q=70
rukminim1.flixcart.com/image/128/128/j62hrww0/computer/b/b/r/lenovo-notebook-original-imaewmd9ubrwcrfg.jpeg?q=70
"
8,1 TB,Aspire,E5 - 575,Linux,Intel,7th Gen,Core i5,8 GB,15.6 inch,"rukminim1.flixcart.com/image/128/128/j8osu4w0-1/computer/2/3/r/acer-aspire-laptop-original-imaeynw6hhvvg2ph.jpeg?q=70
rukminim1.flixcart.com/image/128/128/j8t35ow0/computer/2/3/r/acer-aspire-laptop-original-imaeynw6wyseb4ub.jpeg?q=70
rukminim1.flixcart.com/image/128/128/j8osu4w0-1/computer/2/3/r/acer-aspire-laptop-original-imaeynw6djuagwme.jpeg?q=70
rukminim1.flixcart.com/image/128/128/j7f2qvk0/computer/z/h/c/acer-na-laptop-original-imaetwaahchgydht.jpeg?q=70
rukminim1.flixcart.com/image/128/128/j7f2qvk0/computer/z/h/c/acer-na-laptop-original-imaev4wxyycqznfk.jpeg?q=70
rukminim1.flixcart.com/image/128/128/j7usl8w0/computer/z/h/c/acer-na-laptop-original-imaexwvp9yp5hchy.jpeg?q=70
"
9,1 TB,Inspiron,7460,Windows 10 Home,Intel,7th Gen,Core i5,8 GB,14 inch,"rukminim1.flixcart.com/image/128/128/j2hw58w0/computer/t/q/t/dell-inspiron-notebook-original-imaetu5bmzqkfs5c.jpeg?q=70
rukminim1.flixcart.com/image/128/128/j2hw58w0/computer/a/5/x/dell-inspiron-notebook-original-imaetu5bfnnzmwtx.jpeg?q=70
rukminim1.flixcart.com/image/128/128/j6nxdow0/computer/a/5/x/dell-inspiron-laptop-original-imaex2pwtkzksejf.jpeg?q=70
rukminim1.flixcart.com/image/128/128/j2hw58w0/computer/a/5/x/dell-inspiron-notebook-original-imaetu5c29ychr4j.jpeg?q=70
rukminim1.flixcart.com/image/128/128/j2hw58w0/computer/a/5/x/dell-inspiron-notebook-original-imaetu5cr9tknpgb.jpeg?q=70
rukminim1.flixcart.com/image/128/128/j2hw58w0/computer/a/5/x/dell-inspiron-notebook-original-imaetu5cgpnfdzvv.jpeg?q=70
rukminim1.flixcart.com/image/128/128/j2hw58w0/computer/a/5/x/dell-inspiron-notebook-original-imaetu5bgsnnwpxn.jpeg?q=70
rukminim1.flixcart.com/image/128/128/j2hw58w0/computer/a/5/x/dell-inspiron-notebook-original-imaetu5cemvngyx7.jpeg?q=70
rukminim1.flixcart.com/image/128/128/j2hw58w0/computer/a/5/x/dell-inspiron-notebook-original-imaetu5cus9amjaq.jpeg?q=70
rukminim1.flixcart.com/image/128/128/j2hw58w0/computer/a/5/x/dell-inspiron-notebook-original-imaetu5ceytnbqbp.jpeg?q=70
"
10,1 TB,IP 320,IP 320E,DOS,AMD,7th Gen,APU Dual Core A6,4 GB,15.6 inch,"rukminim1.flixcart.com/image/128/128/j62hrww0/computer/b/b/r/lenovo-notebook-original-imaewmda7a2zuzca.jpeg?q=70
rukminim1.flixcart.com/image/128/128/j7hxmkw0/computer/z/h/v/lenovo-ip-320e-laptop-original-imaexnup8wgyphgy.jpeg?q=70
rukminim1.flixcart.com/image/128/128/j62hrww0/computer/b/b/r/lenovo-notebook-original-imaewmdat9f9zjbb.jpeg?q=70
rukminim1.flixcart.com/image/128/128/j62hrww0/computer/b/b/r/lenovo-notebook-original-imaewmdayz7mhp8t.jpeg?q=70
rukminim1.flixcart.com/image/128/128/j62hrww0/computer/b/b/r/lenovo-notebook-original-imaewmd98rxxqd8s.jpeg?q=70
rukminim1.flixcart.com/image/128/128/j62hrww0/computer/b/b/r/lenovo-notebook-original-imaewmd9ubrwcrfg.jpeg?q=70
"
11,1 TB,Vostro 3568,3568,Ubuntu,Intel,7th Gen,Core i5,8 GB,15.6 inch,"rukminim1.flixcart.com/image/128/128/j2hw58w0/computer/g/j/j/dell-vostro-3568-notebook-original-imaetu5dchgkeegy.jpeg?q=70
rukminim1.flixcart.com/image/128/128/j6qs9e80/computer/g/j/j/dell-vostro-3568-laptop-original-imaex4wzeeqde82h.jpeg?q=70
rukminim1.flixcart.com/image/128/128/j2hw58w0/computer/g/j/j/dell-vostro-3568-notebook-original-imaetu5d2mdgvtyg.jpeg?q=70
rukminim1.flixcart.com/image/128/128/j2hw58w0/computer/g/j/j/dell-vostro-3568-notebook-original-imaetu5d4aqjgvhg.jpeg?q=70
"
12,1 TB,Aspire,E5 - 575,Linux,Intel,7th Gen,Core i5,8 GB,15.6 inch,"rukminim1.flixcart.com/image/128/128/j8osu4w0-1/computer/2/3/r/acer-aspire-laptop-original-imaeynw6hhvvg2ph.jpeg?q=70
rukminim1.flixcart.com/image/128/128/j8t35ow0/computer/2/3/r/acer-aspire-laptop-original-imaeynw6wyseb4ub.jpeg?q=70
rukminim1.flixcart.com/image/128/128/j8osu4w0-1/computer/2/3/r/acer-aspire-laptop-original-imaeynw6djuagwme.jpeg?q=70
rukminim1.flixcart.com/image/128/128/j7f2qvk0/computer/z/h/c/acer-na-laptop-original-imaetwaahchgydht.jpeg?q=70
rukminim1.flixcart.com/image/128/128/j7f2qvk0/computer/z/h/c/acer-na-laptop-original-imaev4wxyycqznfk.jpeg?q=70
rukminim1.flixcart.com/image/128/128/j7usl8w0/computer/z/h/c/acer-na-laptop-original-imaexwvp9yp5hchy.jpeg?q=70
"
13,500 GB,Inspiron 3565,3565,Ubuntu,AMD,7th Gen,APU Dual Core A6,4 GB,15.6 inch,"rukminim1.flixcart.com/image/128/128/j2hw58w0/computer/e/d/n/dell-inspiron-3565-notebook-original-imaetu5certdasag.jpeg?q=70
rukminim1.flixcart.com/image/128/128/j7asfbk0/computer/h/z/h/dell-na-laptop-original-imaetu5chuby2nmu.jpeg?q=70
rukminim1.flixcart.com/image/128/128/j7asfbk0/computer/h/z/h/dell-na-laptop-original-imaetu5dnezkddjg.jpeg?q=70
rukminim1.flixcart.com/image/128/128/j2hw58w0/computer/e/d/n/dell-inspiron-3565-notebook-original-imaetu5cmew3srsz.jpeg?q=70
rukminim1.flixcart.com/image/128/128/j7asfbk0/computer/h/z/h/dell-na-laptop-original-imaetu5cvtecym9e.jpeg?q=70
rukminim1.flixcart.com/image/128/128/j7asfbk0/computer/h/z/h/dell-na-laptop-original-imaetu5ccqevxfuh.jpeg?q=70
rukminim1.flixcart.com/image/128/128/j52rrm80/computer/a/h/n/dell-inspiron-3567-notebook-original-imaetu5ch8zbjyes.jpeg?q=70
rukminim1.flixcart.com/image/128/128/j52rrm80/computer/a/h/n/dell-inspiron-3567-notebook-original-imaetu5cgpqjene9.jpeg?q=70
rukminim1.flixcart.com/image/128/128/j7asfbk0/computer/h/z/h/dell-na-laptop-original-imaetu5cmsuznvth.jpeg?q=70
rukminim1.flixcart.com/image/128/128/j7asfbk0/computer/h/z/h/dell-na-laptop-original-imaetu5ce5pvg5ac.jpeg?q=70
"
14,1 TB,IP 320,IP 320E,DOS,Intel,6th Gen,Core i3,4 GB,15.6 inch,"rukminim1.flixcart.com/image/128/128/j63x7rk0/computer/m/w/a/lenovo-na-laptop-original-imaewfhdwnxdzdhc.jpeg?q=70
rukminim1.flixcart.com/image/128/128/j63x7rk0/computer/m/w/a/lenovo-na-laptop-original-imaewfhdwnxdzdhc.jpeg?q=70
rukminim1.flixcart.com/image/128/128/j6qs9e80/computer/m/w/a/lenovo-na-laptop-original-imaex4wzq9hkxfgk.jpeg?q=70
rukminim1.flixcart.com/image/128/128/j5vcknk0-1/computer/m/w/a/lenovo-na-notebook-original-imaewhfahehuhrfb.jpeg?q=70
rukminim1.flixcart.com/image/128/128/j5vcknk0-1/computer/m/w/a/lenovo-na-notebook-original-imaewhfabyxga9zk.jpeg?q=70
rukminim1.flixcart.com/image/128/128/j5vcknk0-1/computer/m/w/a/lenovo-na-notebook-original-imaewhfagzpfpcqn.jpeg?q=70
rukminim1.flixcart.com/image/128/128/j5vcknk0-1/computer/m/w/a/lenovo-na-notebook-original-imaewhfarz5rzd4f.jpeg?q=70
"
15,1 TB,Aspire,E5 - 575,Linux,Intel,7th Gen,Core i5,8 GB,15.6 inch,"rukminim1.flixcart.com/image/128/128/j8osu4w0-1/computer/2/3/r/acer-aspire-laptop-original-imaeynw6hhvvg2ph.jpeg?q=70
rukminim1.flixcart.com/image/128/128/j8t35ow0/computer/2/3/r/acer-aspire-laptop-original-imaeynw6wyseb4ub.jpeg?q=70
rukminim1.flixcart.com/image/128/128/j8osu4w0-1/computer/2/3/r/acer-aspire-laptop-original-imaeynw6djuagwme.jpeg?q=70
rukminim1.flixcart.com/image/128/128/j7f2qvk0/computer/z/h/c/acer-na-laptop-original-imaetwaahchgydht.jpeg?q=70
rukminim1.flixcart.com/image/128/128/j7f2qvk0/computer/z/h/c/acer-na-laptop-original-imaev4wxyycqznfk.jpeg?q=70
rukminim1.flixcart.com/image/128/128/j7usl8w0/computer/z/h/c/acer-na-laptop-original-imaexwvp9yp5hchy.jpeg?q=70
"
16,1 TB,IP 320,IP 320E,Windows 10 Home,Intel,7th Gen,Core i7,8 GB,15.6 inch,"rukminim1.flixcart.com/image/128/128/j5vcknk0-1/computer/g/f/t/lenovo-na-notebook-original-imaewhf6fhzpm4ed.jpeg?q=70
rukminim1.flixcart.com/image/128/128/j5vcknk0-1/computer/g/f/t/lenovo-na-notebook-original-imaewhf6fhzpm4ed.jpeg?q=70
rukminim1.flixcart.com/image/128/128/j5vcknk0-1/computer/g/f/t/lenovo-na-notebook-original-imaewhf67yykthaq.jpeg?q=70
rukminim1.flixcart.com/image/128/128/j5vcknk0-1/computer/g/f/t/lenovo-na-notebook-original-imaewhf6sgfhuzfr.jpeg?q=70
rukminim1.flixcart.com/image/128/128/j5vcknk0-1/computer/a/w/k/lenovo-na-notebook-original-imaewhf6nqhcafss.jpeg?q=70
rukminim1.flixcart.com/image/128/128/j5vcknk0-1/computer/a/w/k/lenovo-na-notebook-original-imaewhf68bfwcemn.jpeg?q=70
rukminim1.flixcart.com/image/128/128/j5vcknk0-1/computer/a/w/k/lenovo-na-notebook-original-imaewhf6vfpdbpy9.jpeg?q=70
rukminim1.flixcart.com/image/128/128/j5vcknk0-1/computer/a/w/k/lenovo-na-notebook-original-imaewhf6pmxdspjy.jpeg?q=70
"
17,1 TB,Insprion,3567,Windows 10,Intel,7th Gen,Core i7,8 GB,15.6 inch,"rukminim1.flixcart.com/image/128/128/j52rrm80/computer/a/h/n/dell-inspiron-3567-notebook-original-imaetu5ch98vzge5.jpeg?q=70
rukminim1.flixcart.com/image/128/128/j7asfbk0/computer/h/z/h/dell-na-laptop-original-imaetu5chuby2nmu.jpeg?q=70
rukminim1.flixcart.com/image/128/128/j2hw58w0/computer/p/3/d/dell-insprion-notebook-original-imaetu5darxwdhxg.jpeg?q=70
rukminim1.flixcart.com/image/128/128/j52rrm80/computer/a/h/n/dell-inspiron-3567-notebook-original-imaetu5dgzdevfzy.jpeg?q=70
rukminim1.flixcart.com/image/128/128/j7asfbk0/computer/h/z/h/dell-na-laptop-original-imaetu5dnezkddjg.jpeg?q=70
rukminim1.flixcart.com/image/128/128/j7asfbk0/computer/h/z/h/dell-na-laptop-original-imaetu5cvtecym9e.jpeg?q=70
rukminim1.flixcart.com/image/128/128/j7asfbk0/computer/h/z/h/dell-na-laptop-original-imaetu5ccqevxfuh.jpeg?q=70
rukminim1.flixcart.com/image/128/128/j52rrm80/computer/a/h/n/dell-inspiron-3567-notebook-original-imaetu5ch8zbjyes.jpeg?q=70
rukminim1.flixcart.com/image/128/128/j52rrm80/computer/a/h/n/dell-inspiron-3567-notebook-original-imaetu5cgpqjene9.jpeg?q=70
rukminim1.flixcart.com/image/128/128/j7asfbk0/computer/h/z/h/dell-na-laptop-original-imaetu5cmsuznvth.jpeg?q=70
"
18,1 TB,Pavilion,14-ba075TX,Windows 10 Home,Intel,7th Gen,Core i3,4 GB,14 inch,"rukminim1.flixcart.com/image/128/128/j3t1ocw0/computer/9/w/y/hp-pavilion-2-in-1-laptop-original-imaeuuuurv4kesqh.jpeg?q=70
rukminim1.flixcart.com/image/128/128/j3t1ocw0/computer/9/w/y/hp-pavilion-2-in-1-laptop-original-imaeuuuurv4kesqh.jpeg?q=70
rukminim1.flixcart.com/image/128/128/j3t1ocw0/computer/9/w/y/hp-pavilion-2-in-1-laptop-original-imaeuuuurv4kesqh.jpeg?q=70
rukminim1.flixcart.com/image/128/128/j3t1ocw0/computer/9/w/y/hp-pavilion-2-in-1-laptop-original-imaeuuuuzz2jddem.jpeg?q=70
rukminim1.flixcart.com/image/128/128/j3t1ocw0/computer/9/w/y/hp-pavilion-2-in-1-laptop-original-imaeuuuu6sgfqaes.jpeg?q=70
rukminim1.flixcart.com/image/128/128/j3t1ocw0/computer/9/w/y/hp-pavilion-2-in-1-laptop-original-imaeuuuutvfgfhpr.jpeg?q=70
rukminim1.flixcart.com/image/128/128/j3t1ocw0/computer/9/w/y/hp-pavilion-2-in-1-laptop-original-imaeuuuuhhq3tddz.jpeg?q=70
rukminim1.flixcart.com/image/128/128/j3t1ocw0/computer/9/w/y/hp-pavilion-2-in-1-laptop-original-imaeuuuugdvykhf2.jpeg?q=70
rukminim1.flixcart.com/image/128/128/j3t1ocw0/computer/9/w/y/hp-pavilion-2-in-1-laptop-original-imaeuuuuhepzzfph.jpeg?q=70
rukminim1.flixcart.com/image/128/128/j3t1ocw0/computer/9/w/y/hp-pavilion-2-in-1-laptop-original-imaeuuuushmkgtyd.jpeg?q=70
"
19,1 TB,Inspiron,7560,Windows 10 Home,Intel,7th Gen,Core i7,8 GB,15.6 inch,"rukminim1.flixcart.com/image/128/128/j2hw58w0/computer/t/q/t/dell-inspiron-notebook-original-imaetu5bmzqkfs5c.jpeg?q=70
rukminim1.flixcart.com/image/128/128/j2hw58w0/computer/t/q/t/dell-inspiron-notebook-original-imaetu5chyhwmsuz.jpeg?q=70
rukminim1.flixcart.com/image/128/128/j2hw58w0/computer/y/g/b/dell-inspiron-notebook-original-imaetu5ckgwggdzs.jpeg?q=70
rukminim1.flixcart.com/image/128/128/j2hw58w0/computer/y/g/b/dell-inspiron-notebook-original-imaetu5czxjd2may.jpeg?q=70
rukminim1.flixcart.com/image/128/128/j2hw58w0/computer/y/g/b/dell-inspiron-notebook-original-imaetu5csue26dea.jpeg?q=70
rukminim1.flixcart.com/image/128/128/j2hw58w0/computer/y/g/b/dell-inspiron-notebook-original-imaetu5cjz5zymvh.jpeg?q=70
rukminim1.flixcart.com/image/128/128/j2hw58w0/computer/y/g/b/dell-inspiron-notebook-original-imaetu5bhp3yhskx.jpeg?q=70
rukminim1.flixcart.com/image/128/128/j2hw58w0/computer/y/g/b/dell-inspiron-notebook-original-imaetu5beywzvwku.jpeg?q=70
rukminim1.flixcart.com/image/128/128/j2hw58w0/computer/t/q/t/dell-inspiron-notebook-original-imaetu5cp36hmsas.jpeg?q=70
rukminim1.flixcart.com/image/128/128/j2hw58w0/computer/y/g/b/dell-inspiron-notebook-original-imaetu5bsjs2zhut.jpeg?q=70
"
20,1 TB,Pavilion,15-au623tx,Windows 10 Home,Intel,7th Gen,Core i5,8 GB,15.6 inch,"rukminim1.flixcart.com/image/128/128/computer/z/x/z/hp-pavilion-notebook-original-imaerb8rgbngwvnf.jpeg?q=70
rukminim1.flixcart.com/image/128/128/computer/z/x/z/hp-pavilion-notebook-original-imaerb8rgbngwvnf.jpeg?q=70
rukminim1.flixcart.com/image/128/128/computer/r/m/7/hp-pavilion-notebook-original-imaerb8vksrsxcpz.jpeg?q=70
rukminim1.flixcart.com/image/128/128/computer/z/x/z/hp-pavilion-notebook-original-imaerb8r8vygbbby.jpeg?q=70
rukminim1.flixcart.com/image/128/128/computer/r/m/7/hp-pavilion-notebook-original-imaerb8rmj4uhgyg.jpeg?q=70
rukminim1.flixcart.com/image/128/128/computer/r/m/7/hp-pavilion-notebook-original-imaerb8pkmdh8cxv.jpeg?q=70
"
21,1 TB,Aspire,E5 - 575,Linux,Intel,7th Gen,Core i5,8 GB,15.6 inch,"rukminim1.flixcart.com/image/128/128/j8osu4w0-1/computer/2/3/r/acer-aspire-laptop-original-imaeynw6hhvvg2ph.jpeg?q=70
rukminim1.flixcart.com/image/128/128/j8t35ow0/computer/2/3/r/acer-aspire-laptop-original-imaeynw6wyseb4ub.jpeg?q=70
rukminim1.flixcart.com/image/128/128/j8osu4w0-1/computer/2/3/r/acer-aspire-laptop-original-imaeynw6djuagwme.jpeg?q=70
rukminim1.flixcart.com/image/128/128/j7f2qvk0/computer/z/h/c/acer-na-laptop-original-imaetwaahchgydht.jpeg?q=70
rukminim1.flixcart.com/image/128/128/j7f2qvk0/computer/z/h/c/acer-na-laptop-original-imaev4wxyycqznfk.jpeg?q=70
rukminim1.flixcart.com/image/128/128/j7usl8w0/computer/z/h/c/acer-na-laptop-original-imaexwvp9yp5hchy.jpeg?q=70
"
22,1 TB,Inspiron,7559,Windows 10 Home,Intel,6th Gen,Core i7,8 GB,15.6 inch,"rukminim1.flixcart.com/image/128/128/computer/d/y/b/dell-inspiron-notebook-original-imaemxtbwpvakmgh.jpeg?q=70
rukminim1.flixcart.com/image/128/128/computer/u/t/z/dell-inspiron-notebook-original-imaemryghjfnwmw7.jpeg?q=70
rukminim1.flixcart.com/image/128/128/computer/d/y/b/dell-inspiron-notebook-original-imaemuxyywb4csa3.jpeg?q=70
rukminim1.flixcart.com/image/128/128/computer/u/t/z/dell-inspiron-notebook-original-imaemuxysrjhfyz4.jpeg?q=70
rukminim1.flixcart.com/image/128/128/computer/u/t/z/dell-inspiron-notebook-original-imaemuxyvatqxnzh.jpeg?q=70
rukminim1.flixcart.com/image/128/128/computer/u/t/z/dell-inspiron-notebook-original-imaemuxyqa7bf5qj.jpeg?q=70
rukminim1.flixcart.com/image/128/128/computer/u/t/z/dell-inspiron-notebook-original-imaemuxyskxymwyu.jpeg?q=70
rukminim1.flixcart.com/image/128/128/computer/u/t/z/dell-inspiron-notebook-original-imaemuxywagqqfzx.jpeg?q=70
"
23,1 TB,Pavilion,13-U131TU X360,Windows 10 Home,Intel,7th Gen,Core i3,4 GB,13.3 inch,"rukminim1.flixcart.com/image/128/128/computer/y/d/v/hp-pavilion-2-in-1-laptop-original-imaepbx7qsuaanz8.jpeg?q=70
rukminim1.flixcart.com/image/128/128/computer/y/d/v/hp-pavilion-2-in-1-laptop-original-imaepbx7qsuaanz8.jpeg?q=70
rukminim1.flixcart.com/image/128/128/computer/y/d/v/hp-pavilion-2-in-1-laptop-original-imaepbx7b8fzdb3h.jpeg?q=70
rukminim1.flixcart.com/image/128/128/computer/y/d/v/hp-pavilion-2-in-1-laptop-original-imaepbx7zcce3fvh.jpeg?q=70
rukminim1.flixcart.com/image/128/128/computer/x/5/x/hp-pavilion-2-in-1-laptop-original-imaerafa8dyevs4g.jpeg?q=70
rukminim1.flixcart.com/image/128/128/computer/y/d/v/hp-pavilion-2-in-1-laptop-original-imaepbx7ye3g85rz.jpeg?q=70
rukminim1.flixcart.com/image/128/128/computer/y/d/v/hp-pavilion-2-in-1-laptop-original-imaepbx7tfd2kwvh.jpeg?q=70
rukminim1.flixcart.com/image/128/128/computer/y/d/v/hp-pavilion-2-in-1-laptop-original-imaepbx4e77cfcmx.jpeg?q=70
"
24,1 TB,DM701D,R558UQ-DM701D,DOS,Intel,7th Gen,Core i7,8 GB,15.6 inch,"rukminim1.flixcart.com/image/128/128/computer/g/v/q/asus-dm701d-notebook-original-imaezytffbs76bu7.jpeg?q=70
rukminim1.flixcart.com/image/128/128/j15b6a80/computer/g/v/q/asus-dm701d-notebook-original-imaessgvn4vy7tqw.jpeg?q=70
rukminim1.flixcart.com/image/128/128/computer/g/v/q/asus-dm701d-notebook-original-imaeqa5vpjvxbbfm.jpeg?q=70
"
25,1 TB,Pavilion,15-AU628TX,Windows 10 Home,Intel,7th Gen,Core i7,8 GB,15.6 inch,"rukminim1.flixcart.com/image/128/128/j1gqp3k0/computer/v/n/d/hp-pavilion-notebook-original-imaetf6umgezyzzh.jpeg?q=70
rukminim1.flixcart.com/image/128/128/j1gqp3k0/computer/v/n/d/hp-pavilion-notebook-original-imaetf6umgezyzzh.jpeg?q=70
rukminim1.flixcart.com/image/128/128/computer/v/n/d/hp-pavilion-notebook-original-imaerafbxh7na2rv.jpeg?q=70
"
26,1 TB,Inspiron 15,3558,Windows 10 Home,Intel,5th Gen,Core i3,4 GB,15.6 inch,"rukminim1.flixcart.com/image/128/128/computer/h/e/m/dell-inspiron-15-notebook-original-imaege4hydsbvrf5.jpeg?q=70
rukminim1.flixcart.com/image/128/128/computer/h/e/m/dell-inspiron-15-notebook-original-imaege4ht6ghebrb.jpeg?q=70
rukminim1.flixcart.com/image/128/128/computer/h/e/m/dell-inspiron-15-notebook-original-imaege4hvhfww4c9.jpeg?q=70
"
27,1 TB,Ideapad,IP 310,DOS,Intel,6th Gen,Core i5,8 GB,15.6 inch,"rukminim1.flixcart.com/image/128/128/computer/g/f/a/lenovo-ideapad-original-imaezxn6hjabtjay.jpeg?q=70
rukminim1.flixcart.com/image/128/128/computer/g/f/a/lenovo-ideapad-original-imaezxn6xxnzghpy.jpeg?q=70
rukminim1.flixcart.com/image/128/128/computer/g/f/a/lenovo-ideapad-original-imaezxn6zpgusdhb.jpeg?q=70
rukminim1.flixcart.com/image/128/128/computer/g/f/a/lenovo-ideapad-original-imaezxn6sehftdyz.jpeg?q=70
rukminim1.flixcart.com/image/128/128/computer/g/f/a/lenovo-ideapad-original-imaezxn6f7ksafvh.jpeg?q=70
rukminim1.flixcart.com/image/128/128/computer/g/f/a/lenovo-ideapad-original-imaezxn6z9aeswg4.jpeg?q=70
rukminim1.flixcart.com/image/128/128/computer/g/f/a/lenovo-ideapad-original-imaezxn4pncbfd3w.jpeg?q=70
rukminim1.flixcart.com/image/128/128/computer/g/f/a/lenovo-ideapad-original-imaezxn6pdhbfrga.jpeg?q=70
rukminim1.flixcart.com/image/128/128/computer/g/f/a/lenovo-ideapad-original-imaezxn6njzsvvds.jpeg?q=70
rukminim1.flixcart.com/image/128/128/computer/g/f/a/lenovo-ideapad-original-imaezxn6cw49mcnh.jpeg?q=70
rukminim1.flixcart.com/image/128/128/computer/g/f/a/lenovo-ideapad-original-imaezxn65b2gmpdt.jpeg?q=70
rukminim1.flixcart.com/image/128/128/computer/g/f/a/lenovo-ideapad-original-imaezxn6gs5dzxkv.jpeg?q=70
rukminim1.flixcart.com/image/128/128/computer/k/b/j/lenovo-notebook-original-imaezxn6nrgfshzn.jpeg?q=70
rukminim1.flixcart.com/image/128/128/computer/g/f/a/lenovo-ideapad-original-imaezxn6jtjshsmr.jpeg?q=70
"
28,1 TB,Inspiron,5578,Windows 10 Home,Intel,7th Gen,Core i7,8 GB,15.6 inch,"rukminim1.flixcart.com/image/128/128/computer/7/u/b/dell-inspiron-2-in-1-laptop-original-imaemyh5cgx3c5ux.jpeg?q=70
rukminim1.flixcart.com/image/128/128/computer/g/u/j/dell-inspiron-2-in-1-laptop-original-imaemryhfg849nhg.jpeg?q=70
rukminim1.flixcart.com/image/128/128/computer/7/u/b/dell-inspiron-2-in-1-laptop-original-imaemwb68t5h33jg.jpeg?q=70
rukminim1.flixcart.com/image/128/128/computer/7/u/b/dell-inspiron-2-in-1-laptop-original-imaemwb8csupnqja.jpeg?q=70
rukminim1.flixcart.com/image/128/128/computer/7/u/b/dell-inspiron-2-in-1-laptop-original-imaemwb9y6xsekkt.jpeg?q=70
rukminim1.flixcart.com/image/128/128/computer/g/u/j/dell-inspiron-2-in-1-laptop-original-imaemwdzsw8gmyhj.jpeg?q=70
rukminim1.flixcart.com/image/128/128/computer/g/u/j/dell-inspiron-2-in-1-laptop-original-imaemwbbqkafrkkp.jpeg?q=70
rukminim1.flixcart.com/image/128/128/computer/7/u/b/dell-inspiron-2-in-1-laptop-original-imaemwbdarmgweyu.jpeg?q=70
rukminim1.flixcart.com/image/128/128/computer/7/u/b/dell-inspiron-2-in-1-laptop-original-imaemwbghpyn9erp.jpeg?q=70
"
29,1 TB,Pavilion,15-AU620TX,Windows 10 Home,Intel,7th Gen,Core i5,8 GB,15.6 inch,"rukminim1.flixcart.com/image/128/128/computer/v/n/d/hp-pavilion-notebook-original-imaerafbxh7na2rv.jpeg?q=70
rukminim1.flixcart.com/image/128/128/computer/v/n/d/hp-pavilion-notebook-original-imaerafbxh7na2rv.jpeg?q=70
rukminim1.flixcart.com/image/128/128/computer/t/e/a/hp-pavilion-notebook-original-imaemszzmavzpjkb.jpeg?q=70
rukminim1.flixcart.com/image/128/128/computer/t/e/a/hp-pavilion-notebook-original-imaemszzmt6fn9bd.jpeg?q=70
rukminim1.flixcart.com/image/128/128/computer/r/h/f/hp-pavilion-notebook-original-imaepbx7qyfsqbzt.jpeg?q=70
rukminim1.flixcart.com/image/128/128/computer/t/e/a/hp-pavilion-notebook-original-imaemszzeh5azkte.jpeg?q=70
rukminim1.flixcart.com/image/128/128/computer/t/e/a/hp-pavilion-notebook-original-imaemspyzshzhhfv.jpeg?q=70
"
30,1 TB,Aspire,E5 - 575,Linux,Intel,7th Gen,Core i5,8 GB,15.6 inch,"rukminim1.flixcart.com/image/128/128/j8osu4w0-1/computer/2/3/r/acer-aspire-laptop-original-imaeynw6hhvvg2ph.jpeg?q=70
rukminim1.flixcart.com/image/128/128/j8t35ow0/computer/2/3/r/acer-aspire-laptop-original-imaeynw6wyseb4ub.jpeg?q=70
rukminim1.flixcart.com/image/128/128/j8osu4w0-1/computer/2/3/r/acer-aspire-laptop-original-imaeynw6djuagwme.jpeg?q=70
rukminim1.flixcart.com/image/128/128/j7f2qvk0/computer/z/h/c/acer-na-laptop-original-imaetwaahchgydht.jpeg?q=70
rukminim1.flixcart.com/image/128/128/j7f2qvk0/computer/z/h/c/acer-na-laptop-original-imaev4wxyycqznfk.jpeg?q=70
rukminim1.flixcart.com/image/128/128/j7usl8w0/computer/z/h/c/acer-na-laptop-original-imaexwvp9yp5hchy.jpeg?q=70
"
31,1 TB,3567,3567,DOS,Intel,6th Gen,Core i3,4 GB,15.6 inch,"rukminim1.flixcart.com/image/128/128/j2z1fgw0/computer/x/c/5/dell-3567-notebook-original-imaestkw6wx5zqvp.jpeg?q=70
rukminim1.flixcart.com/image/128/128/j2z1fgw0/computer/x/c/5/dell-3567-notebook-original-imaeu5a8xxpzg3pb.jpeg?q=70
rukminim1.flixcart.com/image/128/128/j2z1fgw0/computer/x/c/5/dell-3567-notebook-original-imaeu5a8cvxbjqxu.jpeg?q=70
rukminim1.flixcart.com/image/128/128/j2z1fgw0/computer/x/c/5/dell-3567-notebook-original-imaeu5a8cv8acpep.jpeg?q=70
"
32,500 GB,ASPIRE,ASPIRE ES1,Windows 10 Home,AMD,7th Gen,APU Dual Core E1,4 GB,15.6 inch,"rukminim1.flixcart.com/image/128/128/j1dvte80/computer/h/4/z/acer-aspire-notebook-original-imaergtgwvgzt2mv.jpeg?q=70
rukminim1.flixcart.com/image/128/128/j1dvte80/computer/h/4/z/acer-aspire-notebook-original-imaergthtgwuyxhp.jpeg?q=70
rukminim1.flixcart.com/image/128/128/j1dvte80/computer/h/4/z/acer-aspire-notebook-original-imaergthq9ectfsm.jpeg?q=70
rukminim1.flixcart.com/image/128/128/j1dvte80/computer/h/4/z/acer-aspire-notebook-original-imaergthumzhhepf.jpeg?q=70
"
33,1 TB,Inspiron 3567,3567,DOS,Intel,7th Gen,Core i5,4 GB,15.6 inch,"rukminim1.flixcart.com/image/128/128/j5lchow0/computer/z/7/t/dell-inspiron-3567-notebook-original-imaeu248hf75zyfq.jpeg?q=70
rukminim1.flixcart.com/image/128/128/j5lchow0/computer/z/7/t/dell-inspiron-3567-notebook-original-imaew6hkzemzg4jz.jpeg?q=70
rukminim1.flixcart.com/image/128/128/j5lchow0/computer/z/7/t/dell-inspiron-3567-notebook-original-imaew6hhtker3ews.jpeg?q=70
rukminim1.flixcart.com/image/128/128/j5lchow0/computer/z/7/t/dell-inspiron-3567-notebook-original-imaew6hhrh8sbdxf.jpeg?q=70
"
34,1 TB,Pavilion,14-al111tx,Windows 10 Home,Intel,5th Gen,Core i5,8 GB,14 inch,"rukminim1.flixcart.com/image/128/128/computer/c/y/g/hp-pavilion-notebook-original-imaer3hhwvxv9g5k.jpeg?q=70
rukminim1.flixcart.com/image/128/128/computer/c/y/g/hp-pavilion-notebook-original-imaer3hhae6pzgy5.jpeg?q=70
rukminim1.flixcart.com/image/128/128/computer/c/y/g/hp-pavilion-notebook-original-imaer3hhdbazj7qz.jpeg?q=70
rukminim1.flixcart.com/image/128/128/computer/c/y/g/hp-pavilion-notebook-original-imaezw8g3hzt4vay.jpeg?q=70
"
35,1 TB,Inspiron 3567,3567,Windows 10 Home,Intel,6th Gen,Core i3,4 GB,15.6 inch,"rukminim1.flixcart.com/image/128/128/j52rrm80/computer/a/h/n/dell-inspiron-3567-notebook-original-imaetu5ch98vzge5.jpeg?q=70
rukminim1.flixcart.com/image/128/128/j7asfbk0/computer/h/z/h/dell-na-laptop-original-imaetu5cvtecym9e.jpeg?q=70
rukminim1.flixcart.com/image/128/128/j7asfbk0/computer/h/z/h/dell-na-laptop-original-imaetu5chuby2nmu.jpeg?q=70
rukminim1.flixcart.com/image/128/128/j52rrm80/computer/a/h/n/dell-inspiron-3567-notebook-original-imaetu5dgzdevfzy.jpeg?q=70
rukminim1.flixcart.com/image/128/128/j7asfbk0/computer/h/z/h/dell-na-laptop-original-imaetu5dnezkddjg.jpeg?q=70
rukminim1.flixcart.com/image/128/128/j7asfbk0/computer/h/z/h/dell-na-laptop-original-imaetu5ce5pvg5ac.jpeg?q=70
rukminim1.flixcart.com/image/128/128/j7asfbk0/computer/h/z/h/dell-na-laptop-original-imaetu5ccqevxfuh.jpeg?q=70
rukminim1.flixcart.com/image/128/128/j52rrm80/computer/a/h/n/dell-inspiron-3567-notebook-original-imaetu5ch8zbjyes.jpeg?q=70
rukminim1.flixcart.com/image/128/128/j52rrm80/computer/a/h/n/dell-inspiron-3567-notebook-original-imaetu5cgpqjene9.jpeg?q=70
rukminim1.flixcart.com/image/128/128/j7asfbk0/computer/h/z/h/dell-na-laptop-original-imaetu5cmsuznvth.jpeg?q=70
"
36,1 TB,E 15,E5-575,Linux,Intel,7th Gen,Core i5,8 GB,15.6 inch,"rukminim1.flixcart.com/image/128/128/j7f2qvk0/computer/z/h/c/acer-na-laptop-original-imaetwaakukysrfg.jpeg?q=70
rukminim1.flixcart.com/image/128/128/j7f2qvk0/computer/z/h/c/acer-na-laptop-original-imaetwaadmh9ye6p.jpeg?q=70
rukminim1.flixcart.com/image/128/128/j7f2qvk0/computer/z/h/c/acer-na-laptop-original-imaev4wxf4unyzkt.jpeg?q=70
rukminim1.flixcart.com/image/128/128/j7f2qvk0/computer/z/h/c/acer-na-laptop-original-imaetwaahchgydht.jpeg?q=70
rukminim1.flixcart.com/image/128/128/j7f2qvk0/computer/z/h/c/acer-na-laptop-original-imaev4wxyycqznfk.jpeg?q=70
rukminim1.flixcart.com/image/128/128/j45wn0w0/computer/m/f/j/acer-e-15-notebook-original-imaev4wxzubfgyuy.jpeg?q=70
rukminim1.flixcart.com/image/128/128/j45wn0w0/computer/m/f/j/acer-e-15-notebook-original-imaev4wxbhe7w3dg.jpeg?q=70
"
37,1 TB,PE62 7RD-1242XIN,PE62 7RD,DOS,Intel,7th Gen,Core i7,16 GB,15.6 inch,"rukminim1.flixcart.com/image/128/128/j2hw58w0/computer/x/3/g/msi-pe62-7rd-1246xin-notebook-original-imaetu4dhfgwgxz5.jpeg?q=70
rukminim1.flixcart.com/image/128/128/j2hw58w0/computer/x/3/g/msi-pe62-7rd-1246xin-notebook-original-imaetu4dgzzvqtvt.jpeg?q=70
rukminim1.flixcart.com/image/128/128/j2hw58w0/computer/x/3/g/msi-pe62-7rd-1246xin-notebook-original-imaetu4dzaxaup7q.jpeg?q=70
rukminim1.flixcart.com/image/128/128/j2hw58w0/computer/r/q/8/msi-pe62-7rd-1242xin-notebook-original-imaetu4dkgsnrppf.jpeg?q=70
rukminim1.flixcart.com/image/128/128/j2hw58w0/computer/x/3/g/msi-pe62-7rd-1246xin-notebook-original-imaetu4dyqeq6haj.jpeg?q=70
"
38,1 TB,S510UN-BQ139T(S510UN),S510UN-BQ139T,Windows 10,Intel,8th Gen,Core i7,16 GB,15.6 inch,"rukminim1.flixcart.com/image/128/128/j8uiljk0/computer/f/9/h/asus-s510un-bq139t-s510un-thin-and-light-laptop-original-imaeyfp5tpbgbumf.jpeg?q=70
rukminim1.flixcart.com/image/128/128/j8uiljk0/computer/f/9/h/asus-s510un-bq139t-s510un-thin-and-light-laptop-original-imaeyfp6ggnd23cm.jpeg?q=70
rukminim1.flixcart.com/image/128/128/j8uiljk0/computer/f/9/h/asus-s510un-bq139t-s510un-thin-and-light-laptop-original-imaeyfp6yy54q7hf.jpeg?q=70
rukminim1.flixcart.com/image/128/128/j8uiljk0/computer/f/9/h/asus-s510un-bq139t-s510un-thin-and-light-laptop-original-imaeyfp6cjtd4ygb.jpeg?q=70
rukminim1.flixcart.com/image/128/128/j8uiljk0/computer/f/9/h/asus-s510un-bq139t-s510un-thin-and-light-laptop-original-imaeyfp6sqa72tc3.jpeg?q=70
"
39,1 TB,R541UJ-DM265(R541U),R541UJ-DM265,DOS,Intel,7th Gen,Core i5,8 GB,15.6 inch,"rukminim1.flixcart.com/image/128/128/j7rxpjk0/computer/r/d/a/asus-r541uj-dm265-r541u-laptop-original-imaexq3ufen4u9pc.jpeg?q=70
rukminim1.flixcart.com/image/128/128/j7rxpjk0/computer/r/d/a/asus-r541uj-dm265-r541u-laptop-original-imaexq3unapy4tcy.jpeg?q=70
rukminim1.flixcart.com/image/128/128/j7rxpjk0/computer/r/d/a/asus-r541uj-dm265-r541u-laptop-original-imaexq3ut7agwjyc.jpeg?q=70
rukminim1.flixcart.com/image/128/128/j7rxpjk0/computer/r/d/a/asus-r541uj-dm265-r541u-laptop-original-imaexq3uuyu8dy6e.jpeg?q=70
rukminim1.flixcart.com/image/128/128/j7rxpjk0/computer/r/d/a/asus-r541uj-dm265-r541u-laptop-original-imaexq3udg5tdgcw.jpeg?q=70
"
40,1 TB,Aspire,E5 - 575,Linux,Intel,7th Gen,Core i5,8 GB,15.6 inch,"rukminim1.flixcart.com/image/128/128/j8osu4w0-1/computer/2/3/r/acer-aspire-laptop-original-imaeynw6hhvvg2ph.jpeg?q=70
rukminim1.flixcart.com/image/128/128/j8t35ow0/computer/2/3/r/acer-aspire-laptop-original-imaeynw6wyseb4ub.jpeg?q=70
rukminim1.flixcart.com/image/128/128/j8osu4w0-1/computer/2/3/r/acer-aspire-laptop-original-imaeynw6djuagwme.jpeg?q=70
rukminim1.flixcart.com/image/128/128/j7f2qvk0/computer/z/h/c/acer-na-laptop-original-imaetwaahchgydht.jpeg?q=70
rukminim1.flixcart.com/image/128/128/j7f2qvk0/computer/z/h/c/acer-na-laptop-original-imaev4wxyycqznfk.jpeg?q=70
rukminim1.flixcart.com/image/128/128/j7usl8w0/computer/z/h/c/acer-na-laptop-original-imaexwvp9yp5hchy.jpeg?q=70
"
41,500 GB,Inspiron 3169,3169,Windows 10 Home,Intel,6th Gen,Core m3,4 GB,11.6 inch,"rukminim1.flixcart.com/image/128/128/j3er9u80/computer/n/g/n/dell-inspiron-3169-2-in-1-laptop-original-imaeujuc3hfd2sph.jpeg?q=70
rukminim1.flixcart.com/image/128/128/j3er9u80/computer/n/g/n/dell-inspiron-3169-2-in-1-laptop-original-imaeujucvaftgudw.jpeg?q=70
rukminim1.flixcart.com/image/128/128/j3er9u80/computer/n/g/n/dell-inspiron-3169-2-in-1-laptop-original-imaeujuchjyahf6m.jpeg?q=70
rukminim1.flixcart.com/image/128/128/j3er9u80/computer/n/g/n/dell-inspiron-3169-2-in-1-laptop-original-imaeujudxyqxm7ps.jpeg?q=70
rukminim1.flixcart.com/image/128/128/j3er9u80/computer/n/g/n/dell-inspiron-3169-2-in-1-laptop-original-imaeujudzfxwveen.jpeg?q=70
rukminim1.flixcart.com/image/128/128/j3er9u80/computer/n/g/n/dell-inspiron-3169-2-in-1-laptop-original-imaeujucvfvwdc6q.jpeg?q=70
"
42,500 GB,Hp Commerical Series,240G4,DOS,Intel,5th Gen,Core i3,4 GB,14 inch,
43,1 TB,Inspiron,3558,Windows 10 Home,Intel,5th Gen,Core i3,4 GB,15.6 inch,"rukminim1.flixcart.com/image/128/128/computer/r/u/f/dell-inspiron-notebook-original-imaemgkz63tafsxq.jpeg?q=70
rukminim1.flixcart.com/image/128/128/computer/r/u/f/dell-inspiron-notebook-original-imaemgkzt62cnf2x.jpeg?q=70
rukminim1.flixcart.com/image/128/128/computer/m/z/e/dell-inspiron-15-notebook-original-imaemgkzh5htfstc.jpeg?q=70
rukminim1.flixcart.com/image/128/128/computer/r/u/f/dell-inspiron-notebook-original-imaemxamvrdqze2q.jpeg?q=70
rukminim1.flixcart.com/image/128/128/computer/r/u/f/dell-inspiron-notebook-original-imaemvbsbgzkynkr.jpeg?q=70
rukminim1.flixcart.com/image/128/128/computer/r/u/f/dell-inspiron-notebook-original-imaemvbskfqucdyt.jpeg?q=70
"
44,1 TB,Dell Inspiron 3567,3567,Windows 10,Intel,6th Gen,Core i3,4 GB,15.6 inch,"rukminim1.flixcart.com/image/128/128/j5vcknk0/computer/t/f/f/dell-dell-inspiron-3567-notebook-original-imaewbfy9afrcvkh.jpeg?q=70
rukminim1.flixcart.com/image/128/128/j5vcknk0/computer/t/f/f/dell-dell-inspiron-3567-notebook-original-imaewbffabz8yqpm.jpeg?q=70
rukminim1.flixcart.com/image/128/128/j5vcknk0/computer/t/f/f/dell-dell-inspiron-3567-notebook-original-imaewbffvzpadrhc.jpeg?q=70
rukminim1.flixcart.com/image/128/128/j5vcknk0/computer/t/f/f/dell-dell-inspiron-3567-notebook-original-imaewbffg4sahfnf.jpeg?q=70
rukminim1.flixcart.com/image/128/128/j5vcknk0/computer/t/f/f/dell-dell-inspiron-3567-notebook-original-imaes7bycvzydwhy.jpeg?q=70
"
45,1 TB,Inspiron 15,3558,Ubuntu,Intel,5th Gen,Core i3,4 GB,15.6 inch,"rukminim1.flixcart.com/image/128/128/computer/d/g/h/dell-inspiron-15-notebook-original-imaeh5uyqgzfzefr.jpeg?q=70
rukminim1.flixcart.com/image/128/128/computer/d/g/h/dell-inspiron-15-notebook-original-imaeh5uygphfk8zx.jpeg?q=70
rukminim1.flixcart.com/image/128/128/computer/d/g/h/dell-inspiron-15-notebook-original-imaeh5uyr8r64s76.jpeg?q=70
rukminim1.flixcart.com/image/128/128/computer/w/z/g/dell-inspiron-15-notebook-original-imaeh5uyts8cdn23.jpeg?q=70
"
46,500 GB,Inspiron,7359,Windows 10 Home,Intel,6th Gen,Core i5,8 GB,13.3 inch,"rukminim1.flixcart.com/image/128/128/computer/p/g/j/dell-inspiron-original-imaee3zekh35cfpg.jpeg?q=70
rukminim1.flixcart.com/image/128/128/computer/p/g/j/dell-inspiron-original-imaee3zedxgsxw7p.jpeg?q=70
rukminim1.flixcart.com/image/128/128/computer/p/g/j/dell-inspiron-original-imaee3zerauwrjfq.jpeg?q=70
rukminim1.flixcart.com/image/128/128/computer/p/g/j/dell-inspiron-original-imaee3zedbc4fsb3.jpeg?q=70
rukminim1.flixcart.com/image/128/128/computer/p/g/j/dell-inspiron-original-imaee3zehf3s9nkz.jpeg?q=70
rukminim1.flixcart.com/image/128/128/computer/p/g/j/dell-inspiron-original-imaee3zehuhhafcv.jpeg?q=70
rukminim1.flixcart.com/image/128/128/computer/p/g/j/dell-inspiron-original-imaee3ze5vajyj3g.jpeg?q=70
"
47,1 TB,Inspiron 15,5559,Windows 10 Home,Intel,6th Gen,Core i3,4 GB,15.6 inch,"rukminim1.flixcart.com/image/128/128/computer/7/m/f/dell-inspiron-15-notebook-original-imaemgzf6mrha6ku.jpeg?q=70
rukminim1.flixcart.com/image/128/128/computer/7/m/f/dell-inspiron-15-notebook-original-imaemgnzmfh9hmgh.jpeg?q=70
rukminim1.flixcart.com/image/128/128/computer/7/m/f/dell-inspiron-15-notebook-original-imaemgnxpvujx8pf.jpeg?q=70
rukminim1.flixcart.com/image/128/128/computer/7/m/f/dell-inspiron-15-notebook-original-imaemgnxsbhab4my.jpeg?q=70
rukminim1.flixcart.com/image/128/128/computer/7/m/f/dell-inspiron-15-notebook-original-imaemgnwa64tgcej.jpeg?q=70
rukminim1.flixcart.com/image/128/128/computer/7/m/f/dell-inspiron-15-notebook-original-imaemgnwhzyu2rqz.jpeg?q=70
"
48,1 TB,Aspire,ES1-521,Linux,AMD,5th Gen,APU Quad Core A8,4 GB,15.6 inch,"rukminim1.flixcart.com/image/128/128/computer/m/f/h/acer-aspire-notebook-original-imaezdhacrtg6fwh.jpeg?q=70
rukminim1.flixcart.com/image/128/128/j12gakw0/computer/m/f/h/acer-aspire-notebook-original-imaesqbv74ecrbgm.jpeg?q=70
rukminim1.flixcart.com/image/128/128/j12gakw0/computer/m/f/h/acer-aspire-notebook-original-imaesqbvqyfqpv9t.jpeg?q=70
rukminim1.flixcart.com/image/128/128/j12gakw0/computer/m/f/h/acer-aspire-notebook-original-imaesqbv8gzzjzsf.jpeg?q=70
rukminim1.flixcart.com/image/128/128/j12gakw0/computer/m/f/h/acer-aspire-notebook-original-imaesqbvesyrjhvu.jpeg?q=70
rukminim1.flixcart.com/image/128/128/j12gakw0/computer/m/f/h/acer-aspire-notebook-original-imaesqbvpfzwwsqs.jpeg?q=70
rukminim1.flixcart.com/image/128/128/j12gakw0/computer/m/f/h/acer-aspire-notebook-original-imaesqbvpvygqwhn.jpeg?q=70
"
49,1 TB,Pavilion,14â€“ba073TX,Windows 10 Home,Intel,7th Gen,Core i5,8 GB,14 inch,"rukminim1.flixcart.com/image/128/128/j3t1ocw0/computer/9/w/y/hp-pavilion-2-in-1-laptop-original-imaeuuuuzz2jddem.jpeg?q=70
rukminim1.flixcart.com/image/128/128/j3t1ocw0/computer/9/w/y/hp-pavilion-2-in-1-laptop-original-imaeuuuuzz2jddem.jpeg?q=70
rukminim1.flixcart.com/image/128/128/j3t1ocw0/computer/9/w/y/hp-pavilion-2-in-1-laptop-original-imaeuuuuzz2jddem.jpeg?q=70
rukminim1.flixcart.com/image/128/128/j3t1ocw0/computer/9/w/y/hp-pavilion-2-in-1-laptop-original-imaeuuuurv4kesqh.jpeg?q=70
rukminim1.flixcart.com/image/128/128/j3t1ocw0/computer/9/w/y/hp-pavilion-2-in-1-laptop-original-imaeuuuu6sgfqaes.jpeg?q=70
rukminim1.flixcart.com/image/128/128/j3t1ocw0/computer/9/w/y/hp-pavilion-2-in-1-laptop-original-imaeuuuutvfgfhpr.jpeg?q=70
rukminim1.flixcart.com/image/128/128/j3t1ocw0/computer/9/w/y/hp-pavilion-2-in-1-laptop-original-imaeuuuuhhq3tddz.jpeg?q=70
rukminim1.flixcart.com/image/128/128/j3t1ocw0/computer/9/w/y/hp-pavilion-2-in-1-laptop-original-imaeuuuugdvykhf2.jpeg?q=70
rukminim1.flixcart.com/image/128/128/j3t1ocw0/computer/9/w/y/hp-pavilion-2-in-1-laptop-original-imaeuuuuhepzzfph.jpeg?q=70
rukminim1.flixcart.com/image/128/128/j3t1ocw0/computer/9/w/y/hp-pavilion-2-in-1-laptop-original-imaeuuuushmkgtyd.jpeg?q=70
"
50,1 TB,E 15,E5-575G,Windows 10 Home,Intel,6th Gen,Core i3,4 GB,15.6 inch,"rukminim1.flixcart.com/image/128/128/j7usl8w0/computer/z/h/c/acer-na-laptop-original-imaetzpb4ufrbhsz.jpeg?q=70
rukminim1.flixcart.com/image/128/128/j2c6du80/computer/h/c/e/acer-e-15-notebook-original-imaetp8jh4ghhkda.jpeg?q=70
rukminim1.flixcart.com/image/128/128/j7usl8w0/computer/z/h/c/acer-na-laptop-original-imaetp7ybfpn4apd.jpeg?q=70
rukminim1.flixcart.com/image/128/128/j2p1ci80/computer/c/6/7/acer-es-15-notebook-original-imaer2fqqtpvmhhz.jpeg?q=70
rukminim1.flixcart.com/image/128/128/j3yrfrk0/computer/z/s/r/acer-e-15-notebook-original-imaetp7kjj2rxwky.jpeg?q=70
rukminim1.flixcart.com/image/128/128/j3yrfrk0/computer/z/s/r/acer-e-15-notebook-original-imaetp8ghqwyehff.jpeg?q=70
"
51,1 TB,Inspiron 15-3567,15-3567,DOS,Intel,7th Gen,Core i5,8 GB,15.6 inch,"rukminim1.flixcart.com/image/128/128/j6zcwi80/computer/h/z/j/dell-inspiron-15-3567-laptop-original-imaexfr478ppzyvz.jpeg?q=70
rukminim1.flixcart.com/image/128/128/j6zcwi80/computer/h/z/j/dell-inspiron-15-3567-laptop-original-imaexfr55ayb2myz.jpeg?q=70
rukminim1.flixcart.com/image/128/128/j6zcwi80/computer/h/z/j/dell-inspiron-15-3567-laptop-original-imaexfr5gfg3uwan.jpeg?q=70
rukminim1.flixcart.com/image/128/128/j6zcwi80/computer/h/z/j/dell-inspiron-15-3567-laptop-original-imaexfr6kevhkjbq.jpeg?q=70
"
52,1 TB,Aspire,E5 - 575,Linux,Intel,7th Gen,Core i5,8 GB,15.6 inch,"rukminim1.flixcart.com/image/128/128/j8osu4w0-1/computer/2/3/r/acer-aspire-laptop-original-imaeynw6hhvvg2ph.jpeg?q=70
rukminim1.flixcart.com/image/128/128/j8t35ow0/computer/2/3/r/acer-aspire-laptop-original-imaeynw6wyseb4ub.jpeg?q=70
rukminim1.flixcart.com/image/128/128/j8osu4w0-1/computer/2/3/r/acer-aspire-laptop-original-imaeynw6djuagwme.jpeg?q=70
rukminim1.flixcart.com/image/128/128/j7f2qvk0/computer/z/h/c/acer-na-laptop-original-imaetwaahchgydht.jpeg?q=70
rukminim1.flixcart.com/image/128/128/j7f2qvk0/computer/z/h/c/acer-na-laptop-original-imaev4wxyycqznfk.jpeg?q=70
rukminim1.flixcart.com/image/128/128/j7usl8w0/computer/z/h/c/acer-na-laptop-original-imaexwvp9yp5hchy.jpeg?q=70
"
53,1 TB,15-AY516TX,ay516tx,DOS,Intel,6th Gen,Core i5,4 GB,15.6 inch,"rukminim1.flixcart.com/image/128/128/j3agya80/computer/z/v/u/hp-15-ay516tx-notebook-original-imaeuf9enhfhhtag.jpeg?q=70
rukminim1.flixcart.com/image/128/128/j3agya80/computer/z/v/u/hp-15-ay516tx-notebook-original-imaeu8p8dzgxkvt2.jpeg?q=70
rukminim1.flixcart.com/image/128/128/j3agya80/computer/z/v/u/hp-15-ay516tx-notebook-original-imaeu8p8hkdzvffw.jpeg?q=70
rukminim1.flixcart.com/image/128/128/j3agya80/computer/z/v/u/hp-15-ay516tx-notebook-original-imaeu8p8gjfzvc8n.jpeg?q=70
"
54,1 TB,Aspire E,E5-573,Linux,Intel,5th Gen,Core i5,4 GB,15.6 inch,"rukminim1.flixcart.com/image/128/128/computer/9/j/k/acer-aspire-e-notebook-original-imaeckwyx4zf6yyf.jpeg?q=70
rukminim1.flixcart.com/image/128/128/computer/9/j/k/acer-aspire-e-notebook-original-imaeckwuz8tzeyj4.jpeg?q=70
rukminim1.flixcart.com/image/128/128/computer/9/j/k/acer-aspire-e-notebook-original-imaeckwuhjfczd3a.jpeg?q=70
"
55,1 TB,ES 15,E5-575G,Linux,Intel,6th Gen,Core i3,4 GB,15.6 inch,"rukminim1.flixcart.com/image/128/128/j7f2qvk0/computer/z/h/c/acer-na-laptop-original-imaetwaakukysrfg.jpeg?q=70
rukminim1.flixcart.com/image/128/128/j7f2qvk0/computer/z/h/c/acer-na-laptop-original-imaetwaadmh9ye6p.jpeg?q=70
rukminim1.flixcart.com/image/128/128/j2kr0y80/computer/a/y/e/acer-es-15-notebook-original-imaetwaafcwzhbjz.jpeg?q=70
rukminim1.flixcart.com/image/128/128/j7f2qvk0/computer/z/h/c/acer-na-laptop-original-imaetwaahchgydht.jpeg?q=70
rukminim1.flixcart.com/image/128/128/j2kr0y80/computer/a/y/e/acer-es-15-notebook-original-imaetwaatwtwgzzg.jpeg?q=70
"
56,1 TB,X540LA-XX538T,X540LA-XX538T,Windows 10,Intel,5th Gen,Core i3,4 GB,15.6 inch,"rukminim1.flixcart.com/image/128/128/j1mggi80/computer/k/d/p/asus-x540sa-xx383d-notebook-original-imaetfd9gtcmyzhw.jpeg?q=70
rukminim1.flixcart.com/image/128/128/j1mggi80/computer/k/d/p/asus-x540sa-xx383d-notebook-original-imaesdvnd7v9zxwu.jpeg?q=70
rukminim1.flixcart.com/image/128/128/j1mggi80/computer/k/d/p/asus-x540sa-xx383d-notebook-original-imaetfdawcrjncue.jpeg?q=70
rukminim1.flixcart.com/image/128/128/j1mggi80/computer/r/q/a/asus-x540la-xx538t-notebook-original-imaetfdbbxxs2fa3.jpeg?q=70
"
57,500 GB,ES1-131-C8RL,ES1-131-C8RL,Windows 10 Home,Intel,4th Gen,Celeron Dual Core,2 GB,11.6 inch,"rukminim1.flixcart.com/image/128/128/computer/h/3/k/acer-es1-131-c8rl-netbook-original-imaedf4wkyz9ry6a.jpeg?q=70
rukminim1.flixcart.com/image/128/128/computer/h/3/k/acer-es1-131-c8rl-netbook-original-imaegtathdbbvttu.jpeg?q=70
"
58,500 GB,Probook,450 G1,Windows 7 Professional,Intel,4th Gen,Core i5,4 GB,15.6 inch,"rukminim1.flixcart.com/image/128/128/j8vy1e80/computer/e/u/w/hp-probook-business-laptop-original-imaeyqsez3zpd6ek.jpeg?q=70
rukminim1.flixcart.com/image/128/128/j8vy1e80/computer/e/u/w/hp-probook-business-laptop-original-imaeyqtx8quu6g3b.jpeg?q=70
rukminim1.flixcart.com/image/128/128/j8vy1e80/computer/e/u/w/hp-probook-business-laptop-original-imaeyqtxx2dwjz6m.jpeg?q=70
rukminim1.flixcart.com/image/128/128/j8vy1e80/computer/e/u/w/hp-probook-business-laptop-original-imaeyqtxjuqhc72e.jpeg?q=70
rukminim1.flixcart.com/image/128/128/j8vy1e80/computer/e/u/w/hp-probook-business-laptop-original-imaeyqtxdjqwqcmq.jpeg?q=70
"
59,32 GB,BravoWin 10K,WT19803W87DK,Windows 10,Intel,2nd Gen,Atom Quad Core,32 GB,10.1 inch,"rukminim1.flixcart.com/image/128/128/j5shoy80/computer/f/4/c/venturer-bravowin-10k-2-in-1-laptop-original-imaevyrrz8d2gr2g.jpeg?q=70
rukminim1.flixcart.com/image/128/128/j5shoy80/computer/f/4/c/venturer-bravowin-10k-2-in-1-laptop-original-imaevyrrtrycqjpr.jpeg?q=70
rukminim1.flixcart.com/image/128/128/j5shoy80/computer/f/4/c/venturer-bravowin-10k-2-in-1-laptop-original-imaevyrsxzgbm7bm.jpeg?q=70
"
60,1 TB,S510UN-BQ151T(S510UN),S510UN-BQ151T,Windows 10,Intel,8th Gen,Core i7,8 GB,15.6 inch,"rukminim1.flixcart.com/image/128/128/j8uiljk0/computer/f/9/h/asus-s510un-bq139t-s510un-thin-and-light-laptop-original-imaeyfp5tpbgbumf.jpeg?q=70
rukminim1.flixcart.com/image/128/128/j8uiljk0/computer/f/9/h/asus-s510un-bq139t-s510un-thin-and-light-laptop-original-imaeyfp6ggnd23cm.jpeg?q=70
rukminim1.flixcart.com/image/128/128/j8uiljk0/computer/f/9/h/asus-s510un-bq139t-s510un-thin-and-light-laptop-original-imaeyfp6yy54q7hf.jpeg?q=70
rukminim1.flixcart.com/image/128/128/j8uiljk0/computer/f/9/h/asus-s510un-bq139t-s510un-thin-and-light-laptop-original-imaeyfp6cjtd4ygb.jpeg?q=70
rukminim1.flixcart.com/image/128/128/j8uiljk0/computer/f/9/h/asus-s510un-bq139t-s510un-thin-and-light-laptop-original-imaeyfp6sqa72tc3.jpeg?q=70
"
61,1 TB,Aspire,E5 - 575,Linux,Intel,7th Gen,Core i5,8 GB,15.6 inch,"rukminim1.flixcart.com/image/128/128/j8osu4w0-1/computer/2/3/r/acer-aspire-laptop-original-imaeynw6hhvvg2ph.jpeg?q=70
rukminim1.flixcart.com/image/128/128/j8t35ow0/computer/2/3/r/acer-aspire-laptop-original-imaeynw6wyseb4ub.jpeg?q=70
rukminim1.flixcart.com/image/128/128/j8osu4w0-1/computer/2/3/r/acer-aspire-laptop-original-imaeynw6djuagwme.jpeg?q=70
rukminim1.flixcart.com/image/128/128/j7f2qvk0/computer/z/h/c/acer-na-laptop-original-imaetwaahchgydht.jpeg?q=70
rukminim1.flixcart.com/image/128/128/j7f2qvk0/computer/z/h/c/acer-na-laptop-original-imaev4wxyycqznfk.jpeg?q=70
rukminim1.flixcart.com/image/128/128/j7usl8w0/computer/z/h/c/acer-na-laptop-original-imaexwvp9yp5hchy.jpeg?q=70
"
62,32 GB,BravoWin 10K,WT19803W97DK,Windows 10,Intel,2nd Gen,Atom Quad Core,32 GB,10.1 inch,"rukminim1.flixcart.com/image/128/128/j6pctjk0/computer/q/h/a/venturer-bravowin-10k-2-in-1-laptop-original-imaevpv2r7xyrh4s.jpeg?q=70
rukminim1.flixcart.com/image/128/128/j6pctjk0/computer/q/h/a/venturer-bravowin-10k-2-in-1-laptop-original-imaewn68thhspunr.jpeg?q=70
rukminim1.flixcart.com/image/128/128/j6pctjk0/computer/q/h/a/venturer-bravowin-10k-2-in-1-laptop-original-imaevpv3jjkanfa9.jpeg?q=70
rukminim1.flixcart.com/image/128/128/j6pctjk0/computer/q/h/a/venturer-bravowin-10k-2-in-1-laptop-original-imaevpv3jjzf2pud.jpeg?q=70
"
63,500 GB,Inspiron,3542,Windows 8.1,Intel,4th Gen,Pentium Dual Core,4 GB,15.6 inch,"rukminim1.flixcart.com/image/128/128/computer/p/y/u/dell-inspiron-notebook-original-imadwbsgaz8suu2t.jpeg?q=70
rukminim1.flixcart.com/image/128/128/computer/3/d/4/dell-inspiron-notebook-original-imadwbsghaa8fegc.jpeg?q=70
rukminim1.flixcart.com/image/128/128/computer/f/b/z/dell-inspiron-notebook-original-imadwbsgffj5ndwz.jpeg?q=70
"
64,500 GB,Aspire R11,R3-131T-p4aa,Windows 10 Home,Intel,4th Gen,Pentium Quad Core,4 GB,11.6 inch,"rukminim1.flixcart.com/image/128/128/computer/u/p/9/acer-aspire-r11-2-in-1-laptop-original-imaegtbnsevqvand.jpeg?q=70
rukminim1.flixcart.com/image/128/128/computer/u/p/9/acer-aspire-r11-ultrabook-original-imaebxz7anjg6g8f.jpeg?q=70
rukminim1.flixcart.com/image/128/128/computer/u/p/9/acer-aspire-r11-ultrabook-original-imaee9yjsmkvrqbp.jpeg?q=70
rukminim1.flixcart.com/image/128/128/computer/u/p/9/acer-aspire-r11-ultrabook-original-imaee9ygjqbpqmta.jpeg?q=70
rukminim1.flixcart.com/image/128/128/computer/u/p/9/acer-aspire-r11-ultrabook-original-imaeb8bnyggwbnm4.jpeg?q=70
rukminim1.flixcart.com/image/128/128/computer/u/p/9/acer-aspire-r11-ultrabook-original-imaeb8bnpxugc45d.jpeg?q=70
"
65,1 TB,R558UQ-DM513D,DM513D,DOS,Intel,7th Gen,Core i5,4 GB,15.6 inch,"rukminim1.flixcart.com/image/128/128/computer/a/c/r/asus-r558uq-dm513d-notebook-original-imaezuzssgsakpfe.jpeg?q=70
rukminim1.flixcart.com/image/128/128/computer/a/c/r/asus-r558uq-dm513d-notebook-original-imaezqk4xguynra6.jpeg?q=70
rukminim1.flixcart.com/image/128/128/computer/a/c/r/asus-r558uq-dm513d-notebook-original-imaezqk46gk4fmt2.jpeg?q=70
rukminim1.flixcart.com/image/128/128/computer/a/c/r/asus-r558uq-dm513d-notebook-original-imaezqk47ddf9zzy.jpeg?q=70
rukminim1.flixcart.com/image/128/128/computer/a/c/r/asus-r558uq-dm513d-notebook-original-imaezqk4nebkhcay.jpeg?q=70
"
66,1 TB,Pavilion,13-u133tu,Windows 10 Home,Intel,7th Gen,Core i5,8 GB,13.3 inch,"rukminim1.flixcart.com/image/128/128/computer/x/d/h/hp-pavilion-2-in-1-laptop-original-imaera4zz6cqnduf.jpeg?q=70
rukminim1.flixcart.com/image/128/128/computer/x/d/h/hp-pavilion-2-in-1-laptop-original-imaera4zz6cqnduf.jpeg?q=70
rukminim1.flixcart.com/image/128/128/computer/x/d/h/hp-pavilion-2-in-1-laptop-original-imaera4zvczbxhwp.jpeg?q=70
rukminim1.flixcart.com/image/128/128/computer/y/v/g/hp-pavilion-2-in-1-laptop-original-imaera4z7xd8wfxn.jpeg?q=70
rukminim1.flixcart.com/image/128/128/computer/x/d/h/hp-pavilion-2-in-1-laptop-original-imaera4vzzyv772k.jpeg?q=70
rukminim1.flixcart.com/image/128/128/computer/h/y/a/hp-pavilion-2-in-1-laptop-original-imaera4zsggh3hwg.jpeg?q=70
rukminim1.flixcart.com/image/128/128/computer/x/d/h/hp-pavilion-2-in-1-laptop-original-imaera4zjjgswzu2.jpeg?q=70
"
67,1 TB,Inspiron,5567,Windows 10 Home,Intel,7th Gen,Core i7,16 GB,15.6 inch,"rukminim1.flixcart.com/image/128/128/j80icnk0/computer/x/x/7/dell-inspiron-laptop-original-imaexfx5pjzek33c.jpeg?q=70
rukminim1.flixcart.com/image/128/128/j80icnk0/computer/x/x/7/dell-inspiron-laptop-original-imaexfwkjxuszeqh.jpeg?q=70
rukminim1.flixcart.com/image/128/128/j80icnk0/computer/x/x/7/dell-inspiron-laptop-original-imaefsykv5wgtfns.jpeg?q=70
"
68,1 TB,310,310,DOS,Intel,6th Gen,Core i3,4 GB,15.6 inch,"rukminim1.flixcart.com/image/128/128/j2z1fgw0/computer/v/h/m/lenovo-310-notebook-original-imaesy67v75ttrwa.jpeg?q=70
rukminim1.flixcart.com/image/128/128/j2z1fgw0/computer/v/h/m/lenovo-310-notebook-original-imaesy68z6qpqzkz.jpeg?q=70
rukminim1.flixcart.com/image/128/128/j2z1fgw0/computer/v/h/m/lenovo-310-notebook-original-imaesy68pcujybyh.jpeg?q=70
rukminim1.flixcart.com/image/128/128/j2z1fgw0/computer/v/h/m/lenovo-310-notebook-original-imaesy68bbhhxyzt.jpeg?q=70
rukminim1.flixcart.com/image/128/128/j2z1fgw0/computer/v/h/m/lenovo-310-notebook-original-imaesq5yuzyjtmgh.jpeg?q=70
"
69,500 GB,Inspiron,3555,Windows 10 Home,AMD,6th Gen,APU Quad Core E2,4 GB,15.6 inch,"rukminim1.flixcart.com/image/128/128/computer/f/a/v/dell-inspiron-notebook-original-imaemgjfv74kvbmx.jpeg?q=70
rukminim1.flixcart.com/image/128/128/computer/f/a/v/dell-inspiron-notebook-original-imaemgjf9z4y5qrn.jpeg?q=70
rukminim1.flixcart.com/image/128/128/computer/f/a/v/dell-inspiron-notebook-original-imaehhcrfhukqfad.jpeg?q=70
rukminim1.flixcart.com/image/128/128/computer/f/a/v/dell-inspiron-notebook-original-imaehhcrjhutxyqa.jpeg?q=70
rukminim1.flixcart.com/image/128/128/computer/f/a/v/dell-inspiron-notebook-original-imaehhcrahfmpgpw.jpeg?q=70
rukminim1.flixcart.com/image/128/128/computer/f/a/v/dell-inspiron-notebook-original-imaehhcrjgayre3g.jpeg?q=70
rukminim1.flixcart.com/image/128/128/computer/f/a/v/dell-inspiron-notebook-original-imaehhcr4g3phaxj.jpeg?q=70
rukminim1.flixcart.com/image/128/128/computer/f/a/v/dell-inspiron-notebook-original-imaehhcr4mbakdsk.jpeg?q=70
rukminim1.flixcart.com/image/128/128/computer/f/a/v/dell-inspiron-notebook-original-imaehhcrgwkyyeue.jpeg?q=70
rukminim1.flixcart.com/image/128/128/computer/f/a/v/dell-inspiron-notebook-original-imaehhcr5bssw7dk.jpeg?q=70
"
70,500 GB,Lifebook,Lifebook A555,DOS,Intel,5th Gen,Core i3,8 GB,15.6 inch,"rukminim1.flixcart.com/image/128/128/computer/c/p/p/fujitsu-lifebook-notebook-original-imaegym6cwchmccm.jpeg?q=70
rukminim1.flixcart.com/image/128/128/computer/c/p/p/fujitsu-lifebook-notebook-original-imaegym6bhz3fkrd.jpeg?q=70
"
71,500 GB,One 14,Z1402-32BJ,Linux,Intel,5th Gen,Core i3,4 GB,14 inch,"rukminim1.flixcart.com/image/128/128/computer/h/y/k/acer-one-14-notebook-original-imaeexn6mdbbszqa.jpeg?q=70
rukminim1.flixcart.com/image/128/128/computer/h/y/k/acer-one-14-notebook-original-imaeexn6vwprz9ju.jpeg?q=70
rukminim1.flixcart.com/image/128/128/computer/h/y/k/acer-one-14-notebook-original-imaeexn6qckndy5a.jpeg?q=70
"
72,1 TB,Aspire,E5 - 575,Linux,Intel,7th Gen,Core i5,8 GB,15.6 inch,"rukminim1.flixcart.com/image/128/128/j8osu4w0-1/computer/2/3/r/acer-aspire-laptop-original-imaeynw6hhvvg2ph.jpeg?q=70
rukminim1.flixcart.com/image/128/128/j8t35ow0/computer/2/3/r/acer-aspire-laptop-original-imaeynw6wyseb4ub.jpeg?q=70
rukminim1.flixcart.com/image/128/128/j8osu4w0-1/computer/2/3/r/acer-aspire-laptop-original-imaeynw6djuagwme.jpeg?q=70
rukminim1.flixcart.com/image/128/128/j7f2qvk0/computer/z/h/c/acer-na-laptop-original-imaetwaahchgydht.jpeg?q=70
rukminim1.flixcart.com/image/128/128/j7f2qvk0/computer/z/h/c/acer-na-laptop-original-imaev4wxyycqznfk.jpeg?q=70
rukminim1.flixcart.com/image/128/128/j7usl8w0/computer/z/h/c/acer-na-laptop-original-imaexwvp9yp5hchy.jpeg?q=70
"
73,500 GB,Vostro,3558,Windows 8 Pro,Intel,4th Gen,Core i3,4 GB,15.6 inch,"rukminim1.flixcart.com/image/128/128/computer/q/s/b/dell-vostro-notebook-original-imaeewhk63my2fs3.jpeg?q=70
rukminim1.flixcart.com/image/128/128/computer/q/s/b/dell-vostro-notebook-original-imaeewhk4xund7wh.jpeg?q=70
rukminim1.flixcart.com/image/128/128/computer/q/s/b/dell-vostro-notebook-original-imaeewhkffhgzgpg.jpeg?q=70
"
74,1 TB,Envy 15,15-w102tx,Windows 10 Home,Intel,6th Gen,Core i5,8 GB,15.6 inch,"rukminim1.flixcart.com/image/128/128/computer/r/e/x/hp-envy15-notebook-original-imaefrzk8mbm92pd.jpeg?q=70
rukminim1.flixcart.com/image/128/128/computer/r/e/x/hp-envy15-notebook-original-imaeetdrwyshyz5q.jpeg?q=70
rukminim1.flixcart.com/image/128/128/computer/r/e/x/hp-envy15-notebook-original-imaeetdsfauvkbaw.jpeg?q=70
rukminim1.flixcart.com/image/128/128/computer/r/e/x/hp-envy15-notebook-original-imaeetdsmzgfuhhn.jpeg?q=70
rukminim1.flixcart.com/image/128/128/computer/r/e/x/hp-envy15-notebook-original-imaeetdstpygzxhd.jpeg?q=70
"
75,1 TB,B50-70,59427747,Windows 8 Pro,Intel,4th Gen,Core i5,8 GB,15.6 inch,"rukminim1.flixcart.com/image/128/128/computer/t/2/s/lenovo-b50-70-notebook-original-imadxweeqmwvmnwy.jpeg?q=70
rukminim1.flixcart.com/image/128/128/computer/t/2/s/lenovo-b50-70-notebook-original-imadxweezbkduud9.jpeg?q=70
"
76,1 TB,Y50-70,Y50-70,Windows 8 Pro,Intel,4th Gen,Core i7,16 GB,15.6 inch,
77,500 GB,240 g5,240 G5,DOS,Intel,6th Gen,Core i3,4 GB,14 inch,"rukminim1.flixcart.com/image/128/128/j2aqxzk0/computer/f/y/a/hp-240-g5-notebook-original-imaet7f3sxbdhhtx.jpeg?q=70
rukminim1.flixcart.com/image/128/128/j2aqxzk0/computer/f/y/a/hp-240-g5-notebook-original-imaet7f4kmtt6z3g.jpeg?q=70
rukminim1.flixcart.com/image/128/128/j2aqxzk0/computer/f/y/a/hp-240-g5-notebook-original-imaet7f5kdchq7dk.jpeg?q=70
"
78,1 TB,Inspiron,5559,Windows 10 Home,Intel,6th Gen,Core i5,4 GB,15.6 inch,"rukminim1.flixcart.com/image/128/128/computer/c/h/z/dell-original-imaehqnzhhqtjh5u.jpeg?q=70
rukminim1.flixcart.com/image/128/128/computer/c/h/z/dell-original-imaehqnze3rmdzgq.jpeg?q=70
rukminim1.flixcart.com/image/128/128/computer/c/h/z/dell-original-imaehqnztvtqhkgp.jpeg?q=70
rukminim1.flixcart.com/image/128/128/computer/c/h/z/dell-original-imaehqnzkz3ratx3.jpeg?q=70
"
79,1 TB,Inspiron,7548,Windows 10 Home,Intel,5th Gen,Core i5,8 GB,15.6 inch,"rukminim1.flixcart.com/image/128/128/j5723680/computer/c/n/f/dell-inspiron-notebook-original-imaevxzffrrwacbw.jpeg?q=70
rukminim1.flixcart.com/image/128/128/computer/c/n/f/dell-inspiron-notebook-original-imaentpy82zdaqgm.jpeg?q=70
rukminim1.flixcart.com/image/128/128/computer/c/n/f/dell-inspiron-notebook-original-imaentpymfpjfu8u.jpeg?q=70
rukminim1.flixcart.com/image/128/128/computer/c/n/f/dell-inspiron-notebook-original-imaentpyymwgxuvq.jpeg?q=70
rukminim1.flixcart.com/image/128/128/computer/c/n/f/dell-inspiron-notebook-original-imaentpyzycxt4zq.jpeg?q=70
"
80,1 TB,R558UQ-DM1106D,R558UQ-DM1106DR558U,DOS,Intel,7th Gen,Core i7,8 GB,15.6 inch,"rukminim1.flixcart.com/image/128/128/j7hxmkw0/computer/r/4/r/asus-r558uq-dm513d-laptop-original-imaexbtgjhrzdffc.jpeg?q=70
rukminim1.flixcart.com/image/128/128/j7hxmkw0/computer/r/4/r/asus-r558uq-dm513d-laptop-original-imaexmrchx28a76n.jpeg?q=70
rukminim1.flixcart.com/image/128/128/j7hxmkw0/computer/r/4/r/asus-r558uq-dm513d-laptop-original-imaexbthwywpbjkb.jpeg?q=70
rukminim1.flixcart.com/image/128/128/j7hxmkw0/computer/r/4/r/asus-r558uq-dm513d-laptop-original-imaexbthabnhkpsy.jpeg?q=70
"
81,1 TB,X541UA,X541UA-DM883D,DOS,Intel,6th Gen,Core i3,4 GB,15.6 inch,"rukminim1.flixcart.com/image/128/128/j45wn0w0/computer/k/y/q/asus-x541ua-notebook-original-imaesp2j2fqrfy2j.jpeg?q=70
rukminim1.flixcart.com/image/128/128/j45wn0w0/computer/k/y/q/asus-x541ua-notebook-original-imaeqhgnswyrrpgy.jpeg?q=70
rukminim1.flixcart.com/image/128/128/j45wn0w0/computer/k/y/q/asus-x541ua-notebook-original-imaeswtwp8v54f6n.jpeg?q=70
rukminim1.flixcart.com/image/128/128/j45wn0w0/computer/k/y/q/asus-x541ua-notebook-original-imaeshmzhazjxqfj.jpeg?q=70
rukminim1.flixcart.com/image/128/128/j45wn0w0/computer/k/y/q/asus-x541ua-notebook-original-imaethfhszkuguxv.jpeg?q=70
"
82,1 TB,V15 Nitro,VN7-591G,Windows 10 Home,Intel,4th Gen,Core i7,12 GB,15.6 inch,"rukminim1.flixcart.com/image/128/128/computer/z/2/m/acer-v15-nitro-notebook-original-imaezmagfhmtgw9w.jpeg?q=70
rukminim1.flixcart.com/image/128/128/computer/w/8/s/acer-v15-nitro-notebook-original-imaezmaghkxhj6hm.jpeg?q=70
rukminim1.flixcart.com/image/128/128/computer/w/8/s/acer-v15-nitro-notebook-original-imaezmahdgpkawej.jpeg?q=70
rukminim1.flixcart.com/image/128/128/computer/w/8/s/acer-v15-nitro-notebook-original-imaezmagtyphezcu.jpeg?q=70
rukminim1.flixcart.com/image/128/128/computer/w/8/s/acer-v15-nitro-notebook-original-imaezmahkpjztqht.jpeg?q=70
"
83,1 TB,Aspire,E5 - 575,Linux,Intel,7th Gen,Core i5,8 GB,15.6 inch,"rukminim1.flixcart.com/image/128/128/j8osu4w0-1/computer/2/3/r/acer-aspire-laptop-original-imaeynw6hhvvg2ph.jpeg?q=70
rukminim1.flixcart.com/image/128/128/j8t35ow0/computer/2/3/r/acer-aspire-laptop-original-imaeynw6wyseb4ub.jpeg?q=70
rukminim1.flixcart.com/image/128/128/j8osu4w0-1/computer/2/3/r/acer-aspire-laptop-original-imaeynw6djuagwme.jpeg?q=70
rukminim1.flixcart.com/image/128/128/j7f2qvk0/computer/z/h/c/acer-na-laptop-original-imaetwaahchgydht.jpeg?q=70
rukminim1.flixcart.com/image/128/128/j7f2qvk0/computer/z/h/c/acer-na-laptop-original-imaev4wxyycqznfk.jpeg?q=70
rukminim1.flixcart.com/image/128/128/j7usl8w0/computer/z/h/c/acer-na-laptop-original-imaexwvp9yp5hchy.jpeg?q=70
"
84,1 TB,Inspiron,5559,Windows 10 Home,Intel,6th Gen,Core i7,8 GB,15.6 inch,"rukminim1.flixcart.com/image/128/128/computer/r/f/a/dell-inspiron-notebook-original-imaemxqrz9ntfbdf.jpeg?q=70
rukminim1.flixcart.com/image/128/128/computer/k/6/z/dell-inspiron-15-notebook-original-imaemgnwdyhthmrn.jpeg?q=70
rukminim1.flixcart.com/image/128/128/computer/k/6/z/dell-inspiron-15-notebook-original-imaemgnwkhahzuxe.jpeg?q=70
rukminim1.flixcart.com/image/128/128/computer/k/6/z/dell-inspiron-15-notebook-original-imaemgnwxwtxg3xp.jpeg?q=70
rukminim1.flixcart.com/image/128/128/computer/k/6/z/dell-inspiron-15-notebook-original-imaemgnwkggcnggz.jpeg?q=70
rukminim1.flixcart.com/image/128/128/computer/f/h/d/dell-inspiron-notebook-original-imaemuxyfgmagufg.jpeg?q=70
rukminim1.flixcart.com/image/128/128/computer/f/h/d/dell-inspiron-notebook-original-imaemuxygjxqzjxd.jpeg?q=70
rukminim1.flixcart.com/image/128/128/computer/f/h/d/dell-inspiron-notebook-original-imaemuxyjhqyyzmh.jpeg?q=70
"
